Trading_time,Is_it_best_bid_or_ask,The_price_of_the_customer_order,bid_ask_spread,mid_price,micro_price,best_bid,best_ask,time_elapsed,LOB_imbalance,total_quantity_of_all_quotes,p*,Smith's_metric,Trading_price
4.1875,0,142,7,102.5,102.8182 ,99,106,0,0.3333 ,11,0,0.0000 ,105
7.9625,1,134,2,102,101.9474 ,101,103,3.775,0.3333 ,19,0,0.0000 ,103
8.025,1,132,4,101,100.8824 ,99,103,0.0625,0.5000 ,17,0,0.0000 ,101
8.6625,1,121,6,102,101.8000 ,99,105,0.6375,0.5000 ,15,92.9167,0.8531 ,103
11.625,0,119,6,99,98.8235 ,96,102,2.9625,0.5000 ,17,92.4433,1.6469 ,99
14.125,1,101,3,98.5,98.5000 ,97,100,2.5,0.6667 ,24,91.17,1.9370 ,98
14.175,0,137,4,99,99.0000 ,97,101,0.05,0.3333 ,22,90.1767,1.9396 ,100
15.825,1,114,2,98,98.0000 ,97,99,1.65,0.3333 ,26,89.4633,2.0695 ,99
15.975,1,129,3,97.5,97.5600 ,96,99,0.15,0.5000 ,25,89.46,2.1751 ,97
17.3375,0,144,9,101.5,101.0000 ,97,106,1.3625,0.5000 ,27,89.0333,2.0956 ,99
19.1,1,124,8,101,100.4667 ,97,105,1.7625,0.5000 ,30,88.83,1.9980 ,104
19.8,0,106,7,99.5,99.0000 ,96,103,0.7,0.5000 ,28,90.5567,1.8997 ,97
23.5625,1,150,3,100.5,100.6154 ,99,102,3.7625,0.5000 ,39,90.2633,1.8351 ,100
23.9125,1,111,6,103,103.0769 ,100,106,0.35,0.5000 ,39,90.5133,1.9748 ,102
25.775,0,147,9,106.5,106.6216 ,102,111,1.8625,0.5000 ,37,90.19,2.6411 ,106
27.85,1,139,8,106,106.2927 ,102,110,2.075,0.5000 ,41,92.9333,2.9010 ,109
28.025,0,126,11,104.5,104.7750 ,99,110,0.175,0.5000 ,40,95.6733,2.8893 ,102
29.5375,1,103,9,103.5,103.5000 ,99,108,1.5125,0.5000 ,40,95.32,2.8681 ,100
32.9125,0,116,3,98.5,98.5000 ,97,100,3.375,0.5000 ,42,93.3633,2.9319 ,99
33.6125,1,108,5,97.5,97.3810 ,95,100,0.7,0.5000 ,42,90.54,3.0916 ,99
33.6375,0,139,16,103,102.6000 ,95,111,0.025,0.5000 ,40,89.7,3.0655 ,100
41.9,1,126,3,105.5,105.6250 ,104,107,8.2625,0.5000 ,48,89.7633,3.1766 ,105
42.425,1,147,1,104.5,104.5208 ,104,105,0.525,0.6667 ,48,91.73,3.1236 ,104
43.1125,1,116,3,103.5,103.5333 ,102,105,0.6875,0.5000 ,45,93.1667,3.0423 ,104
43.8875,1,103,16,103,103.3478 ,95,111,0.775,0.5000 ,46,94.2167,2.9701 ,102
45.1625,0,144,19,104.5,104.7209 ,95,114,1.275,0.5000 ,43,93.28,3.0113 ,111
46.0375,0,124,10,100,100.0000 ,95,105,0.875,0.5000 ,42,95.68,2.8997 ,102
49.6625,0,106,8,101,101.0889 ,97,105,3.625,0.5000 ,45,94.84,2.8730 ,104
51.125,0,142,2,102,102.0638 ,101,103,1.4625,0.3333 ,47,95.2367,2.8106 ,102
52.7,1,119,3,101.5,101.5957 ,100,103,1.575,0.3333 ,47,92.74,2.8361 ,102
52.7375,1,132,3,101.5,101.5652 ,100,103,0.0375,0.3333 ,46,92.68,2.7903 ,103
52.7625,0,129,6,100,100.1364 ,97,103,0.025,0.5000 ,44,92.4733,2.7663 ,100
53.25,0,137,17,105.5,105.5000 ,97,114,0.4875,0.5000 ,42,91.7733,2.8412 ,104
53.5125,0,101,17,105.5,105.7073 ,97,114,0.2625,0.5000 ,41,92.4767,2.8732 ,99
55.4125,0,121,12,105,104.8667 ,99,111,1.9,0.5000 ,45,91.2,2.9246 ,109
56.825,0,134,5,105.5,105.5000 ,103,108,1.4125,0.5000 ,44,94.1133,2.8640 ,105
57.475,0,150,11,100.5,100.5000 ,95,106,0.65,0.5000 ,40,94.43,2.8270 ,104
62.0625,0,111,4,101,100.9512 ,99,103,4.5875,0.5000 ,41,95.5967,2.7601 ,102
64.275,1,114,5,99.5,99.3810 ,97,102,2.2125,0.5000 ,42,93.55,2.8179 ,100
65.3625,1,108,8,99,99.0000 ,95,103,1.0875,0.5000 ,42,92.0133,2.8713 ,102
66.2375,0,96,12,97,97.1538 ,91,103,0.875,0.5000 ,39,91.54,2.9589 ,95
66.7625,0,139,10,98,98.0000 ,93,103,0.525,0.5000 ,40,89.2667,3.0647 ,100
69.6125,1,101,5,100.5,100.6190 ,98,103,2.85,0.5000 ,42,89.3733,3.0291 ,101
71.65,1,132,7,102.5,102.8333 ,99,106,2.0375,0.5000 ,42,89.3167,3.0029 ,103
71.825,1,129,15,98.5,99.2500 ,91,106,0.175,0.5000 ,40,91.6333,2.9191 ,99
74.175,0,124,20,101,101.5000 ,91,111,2.35,0.5000 ,40,91.17,2.9012 ,106
75.7875,0,137,13,104.5,105.2927 ,98,111,1.6125,0.5000 ,41,92.8433,2.8779 ,105
79.125,1,144,8,107,107.7273 ,103,111,3.3375,0.5000 ,44,93.53,2.9779 ,105
80.075,0,121,9,111.5,112.5714 ,107,116,0.95,0.5000 ,42,95.12,3.3204 ,111
80.7875,0,150,4,111,111.4000 ,109,113,0.7125,0.5000 ,45,96.85,3.5077 ,110
81.2125,1,126,3,112.5,112.7872 ,111,114,0.425,0.5000 ,47,98.3167,3.7393 ,112
82.2,0,111,5,111.5,112.0000 ,109,114,0.9875,0.5000 ,45,100.3033,3.8647 ,111
85.0375,0,142,3,112.5,112.7143 ,111,114,2.8375,0.3333 ,42,100.3,4.0716 ,112
86.2125,1,147,3,112.5,112.7561 ,111,114,1.175,0.3333 ,41,100.8733,4.2305 ,112
86.275,1,134,4,112,112.3000 ,110,114,0.0625,0.3333 ,40,100.9033,4.3721 ,111
86.85,0,119,4,112,112.3590 ,110,114,0.575,0.5000 ,39,100.84,4.5045 ,110
88.1125,1,114,3,110.5,110.6098 ,109,112,1.2625,0.5000 ,41,100.2067,4.5954 ,111
89.0125,0,116,20,101,101.4762 ,91,111,0.9,0.5000 ,42,99.97,4.5728 ,109
93.2,1,150,4,104,104.0465 ,102,106,4.1875,0.3333 ,43,99.3333,4.5631 ,105
93.8625,0,103,10,98,98.0000 ,93,103,0.6625,0.5000 ,42,97.67,4.6562 ,102
95.0375,0,144,6,95,94.8636 ,92,98,1.175,0.5000 ,44,94.93,4.8849 ,97
95.5625,0,91,10,93,92.8837 ,88,98,0.525,0.5000 ,43,91.2833,5.2374 ,91
96.275,0,98,13,94.5,94.1905 ,88,101,0.7125,0.5000 ,42,86.9733,5.5997 ,96
96.4125,0,147,13,94.5,94.1750 ,88,101,0.1375,0.5000 ,40,85.49,5.7923 ,93
98.2375,1,119,13,94.5,94.5000 ,88,101,1.825,0.5000 ,38,84.37,5.9473 ,98
98.3,0,106,26,101,100.6486 ,88,114,0.0625,0.5000 ,37,86.4867,5.7637 ,101
104.225,0,114,13,109.5,109.8611 ,103,116,5.925,0.5000 ,36,88.1767,5.7005 ,106
104.5875,0,126,14,109,110.1053 ,102,116,0.3625,0.5000 ,38,92.0933,5.5048 ,104
108.6,0,111,4,109,109.1395 ,107,111,4.0125,0.6667 ,43,93.7367,5.4301 ,110
108.875,1,116,4,109,109.0952 ,107,111,0.275,0.6667 ,42,96.4867,5.2933 ,108
109.8125,0,121,5,111.5,111.8049 ,109,114,0.9375,0.5000 ,41,97.08,5.3338 ,111
111.325,1,142,3,110.5,110.6047 ,109,112,1.5125,0.5000 ,43,99.1,5.2645 ,110
111.8875,1,129,13,107.5,107.8095 ,101,114,0.5625,0.5000 ,42,99.1267,5.2548 ,109
113.475,0,101,14,102,102.4667 ,95,109,1.5875,0.5000 ,45,99.3033,5.2102 ,101
113.875,1,124,15,102.5,102.8409 ,95,110,0.4,0.5000 ,44,96.0667,5.3494 ,108
114.225,1,134,19,104.5,105.4500 ,95,114,0.35,0.5000 ,40,95.73,5.3389 ,110
114.625,0,96,23,102.5,103.7105 ,91,114,0.4,0.5000 ,38,96.3367,5.2705 ,95
118.25,1,139,2,102,102.0455 ,101,103,3.625,0.3333 ,44,93.8267,5.3783 ,103
120.575,0,132,3,102.5,102.5000 ,101,104,2.325,0.5000 ,44,92.5333,5.4192 ,103
120.8625,0,137,3,102.5,102.5714 ,101,104,0.2875,0.5000 ,42,90.8833,5.4832 ,103
124.15,1,108,3,102.5,102.4667 ,101,104,3.2875,0.3333 ,45,93.0433,5.3231 ,103
128,1,103,1,101.5,101.5000 ,101,102,3.85,0.6667 ,42,93.0433,5.2942 ,101
129.3625,1,126,2,102,102.0000 ,101,103,1.3625,0.5000 ,42,92.3767,5.3017 ,102
129.8375,1,134,5,103.5,103.5610 ,101,106,0.475,0.5000 ,41,92.11,5.2851 ,103
130.25,1,106,13,107.5,107.8250 ,101,114,0.4125,0.5000 ,40,92.2033,5.2764 ,106
130.3,0,114,15,108.5,108.8947 ,101,116,0.05,0.5000 ,38,93.7733,5.1980 ,114
134.1375,0,142,3,102.5,102.4651 ,101,104,3.8375,0.5000 ,43,97.61,4.9655 ,104
134.9625,1,139,3,102.5,102.4250 ,101,104,0.825,0.5000 ,40,97.4867,4.9440 ,102
136.25,1,101,11,96.5,96.2381 ,91,102,1.2875,0.5000 ,42,95.98,5.0536 ,101
137.2,1,144,4,102,101.9048 ,100,104,0.95,0.5000 ,42,92.3467,5.2250 ,102
137.4625,1,121,11,105.5,105.2250 ,100,111,0.2625,0.5000 ,40,91.84,5.2296 ,104
137.7,0,147,20,101,100.7436 ,91,111,0.2375,0.5000 ,39,92.5367,5.1693 ,100
137.9375,0,116,20,101,101.0000 ,91,111,0.2375,0.5000 ,38,92.0733,5.1729 ,99
140.375,0,111,8,106,106.0976 ,102,110,2.4375,0.6667 ,41,91.08,5.2116 ,102
141.7875,0,150,5,105.5,105.6829 ,103,108,1.4125,0.5000 ,41,90.7,5.2131 ,104
143.3875,0,129,5,103.5,103.4419 ,101,106,1.6,0.5000 ,43,91.9967,5.1125 ,104
145.9625,1,119,13,97.5,96.8500 ,91,104,2.575,0.5000 ,40,93.4067,5.0570 ,103
147.15,0,91,16,96,94.9744 ,88,104,1.1875,0.5000 ,39,93.6133,5.0971 ,91
150.0625,0,124,11,93.5,92.8605 ,88,99,2.9125,0.5000 ,43,89.3133,5.4384 ,96
151.025,1,137,5,96.5,96.4419 ,94,99,0.9625,0.5000 ,43,87.11,5.5983 ,96
151.475,1,96,10,93,92.7619 ,88,98,0.45,0.5000 ,42,85.37,5.8058 ,94
152.225,1,103,11,93.5,92.8605 ,88,99,0.75,0.5000 ,43,86.0533,5.8445 ,98
152.7375,0,88,15,91.5,90.5854 ,84,99,0.5125,0.5000 ,41,86.7867,5.9290 ,88
155.35,0,139,12,90,89.5385 ,84,96,2.6125,0.5000 ,39,84.1133,6.2754 ,95
157.0125,0,119,13,90.5,89.5714 ,84,97,1.6625,0.5000 ,42,84.5267,6.3907 ,93
159.0125,1,106,6,93,92.6667 ,90,96,2,0.5000 ,45,83.26,6.5552 ,92
162.4375,0,144,9,96.5,96.5000 ,92,101,3.425,0.5000 ,46,84.2167,6.4839 ,96
163.1,1,126,10,96,96.0000 ,91,101,0.6625,0.5000 ,46,84.71,6.4546 ,93
163.225,1,137,12,97,96.8667 ,91,103,0.125,0.5000 ,45,84.64,6.4578 ,101
163.4875,0,124,15,98.5,98.3256 ,91,106,0.2625,0.5000 ,43,87.4867,6.2325 ,103
169.55,0,111,10,96,96.1220 ,91,101,6.0625,0.5000 ,41,89.7433,6.0808 ,92
172.975,0,101,8,97,97.0000 ,93,101,3.425,0.5000 ,44,88.8367,6.1383 ,96
175.15,0,132,3,94.5,94.5349 ,93,96,2.175,0.7500 ,43,87.41,6.2620 ,95
175.2125,1,142,5,95.5,95.6190 ,93,98,0.0625,0.7500 ,42,85.3067,6.4251 ,94
176.35,0,116,5,95.5,95.6829 ,93,98,1.1375,0.7500 ,41,85.7533,6.3988 ,93
177.1875,1,108,4,95,95.0444 ,93,97,0.8375,0.3333 ,45,84.85,6.4810 ,96
177.475,0,134,3,95.5,95.5000 ,94,97,0.2875,0.3333 ,44,85.28,6.4560 ,97
179.4125,1,114,2,96,95.9545 ,95,97,1.9375,0.3333 ,44,86.2433,6.3859 ,96
179.65,0,150,3,95.5,95.5000 ,94,97,0.2375,0.5000 ,44,87.02,6.3351 ,95
179.975,1,147,2,95,95.0000 ,94,96,0.325,0.3333 ,44,86.6567,6.3727 ,95
180.375,1,98,4,96,96.0952 ,94,98,0.4,0.5000 ,42,86.0867,6.4139 ,96
182.525,0,121,12,100,100.1463 ,94,106,2.15,0.5000 ,41,86.15,6.3842 ,98
186.3875,0,150,10,101,101.7143 ,96,106,3.8625,0.5000 ,42,87.1167,6.2875 ,97
189.375,0,121,9,100.5,100.7143 ,96,105,2.9875,0.5000 ,42,87.6533,6.2240 ,97
191.35,0,111,9,101.5,102.0000 ,97,106,1.975,0.5000 ,45,87.8933,6.1822 ,100
194.7125,0,129,5,100.5,100.8261 ,98,103,3.3625,0.6667 ,46,88.6233,6.1070 ,98
195.1375,1,144,8,102,102.4444 ,98,106,0.425,0.5000 ,45,88.8567,6.0675 ,102
196.1,0,132,10,104,104.5814 ,99,109,0.9625,0.5000 ,43,90.4,5.9482 ,106
199.4,1,134,5,103.5,103.8125 ,101,106,3.3,0.5000 ,48,92.3933,5.8012 ,105
200.3875,1,101,2,101,101.0870 ,100,102,0.9875,0.6667 ,46,94.34,5.6596 ,101
200.425,1,124,3,101.5,101.6000 ,100,103,0.0375,0.6667 ,45,93.7867,5.6711 ,102
202.4625,1,116,2,101,101.0667 ,100,102,2.0375,0.6667 ,45,92.65,5.7189 ,100
202.5375,1,119,3,100.5,100.6000 ,99,102,0.075,0.5000 ,45,91.2033,5.7882 ,100
203.05,0,126,4,101,101.0909 ,99,103,0.5125,0.5000 ,44,90.8733,5.7874 ,102
206.1125,1,129,3,100.5,100.5000 ,99,102,3.0625,0.3333 ,48,91,5.7586 ,100
206.2,0,103,5,99.5,99.5000 ,97,102,0.0875,0.3333 ,46,90.9333,5.7445 ,99
206.725,1,147,4,97,97.0465 ,95,99,0.525,0.5000 ,43,90.54,5.7634 ,98
207.925,0,96,8,95,94.8182 ,91,99,1.2,0.5000 ,44,89.3667,5.8519 ,95
208.625,1,137,10,96,95.7727 ,91,101,0.7,0.5000 ,44,87.7967,5.9598 ,98
210.175,0,114,12,97,96.8537 ,91,103,1.55,0.6667 ,41,87.6267,5.9657 ,101
210.9125,0,121,6,100,99.9302 ,97,103,0.7375,0.5000 ,43,88.7167,5.8728 ,100
213.525,0,142,2,102,102.0417 ,101,103,2.6125,0.5000 ,48,90.0933,5.7629 ,102
213.8375,0,111,4,101,101.0426 ,99,103,0.3125,0.5000 ,47,91.27,5.6686 ,102
216.125,0,147,4,101,101.0000 ,99,103,2.2875,0.5000 ,44,91.6,5.6285 ,101
218.5375,0,114,3,101.5,101.4667 ,100,103,2.4125,0.5000 ,45,91.8067,5.5963 ,101
219.325,0,142,3,101.5,101.5333 ,100,103,0.7875,0.5000 ,45,91.5067,5.5953 ,102
223.0125,1,126,3,101.5,101.5652 ,100,103,3.6875,0.5000 ,46,91.57,5.5723 ,102
223.675,0,132,6,103,103.0667 ,100,106,0.6625,0.5000 ,45,91.87,5.5374 ,103
224.125,1,106,6,103,103.2195 ,100,106,0.45,0.5000 ,41,92.4733,5.4852 ,102
224.65,0,139,11,100.5,100.7619 ,95,106,0.525,0.5000 ,42,92.44,5.4689 ,100
229.25,0,150,3,101.5,101.5652 ,100,103,4.6,0.5000 ,46,91.7433,5.4921 ,102
230.1125,1,134,6,103,103.0667 ,100,106,0.8625,0.5000 ,45,91.54,5.4882 ,101
232.3625,1,119,3,101.5,101.5333 ,100,103,2.25,0.6667 ,45,91.2667,5.4865 ,100
232.75,0,106,6,103,103.0000 ,100,106,0.3875,0.5000 ,42,91.1733,5.4760 ,103
236.325,0,129,4,100,100.2439 ,98,102,3.575,0.5000 ,41,91.6033,5.4335 ,99
239.7875,0,116,3,99.5,99.5000 ,98,101,3.4625,0.5000 ,48,90.9,5.4603 ,99
240.875,1,101,2,100,100.0213 ,99,101,1.0875,0.5000 ,47,90.51,5.4675 ,100
241.3125,1,108,3,100.5,100.5652 ,99,102,0.4375,0.5000 ,46,89.7633,5.4958 ,101
241.7875,0,137,4,101,101.1277 ,99,103,0.475,0.5000 ,47,90.3967,5.4400 ,102
241.975,1,144,4,101,101.1333 ,99,103,0.1875,0.5000 ,45,91.3,5.3693 ,100
242.2875,0,124,7,102.5,102.6591 ,99,106,0.3125,0.5000 ,44,91.2033,5.3594 ,103
244.1875,1,124,5,101.5,101.5556 ,99,104,1.9,0.5000 ,45,91.8733,5.3038 ,103
245.075,1,139,7,100.5,100.5814 ,97,104,0.8875,0.5000 ,43,92.2333,5.2671 ,99
245.45,0,103,9,99.5,99.3902 ,95,104,0.375,0.5000 ,41,91.71,5.2835 ,97
247.0125,0,134,11,100.5,100.3659 ,95,106,1.5625,0.5000 ,41,89.8433,5.3775 ,102
250.1625,1,101,3,98.5,98.4667 ,97,100,3.15,0.5000 ,45,89.83,5.3676 ,99
251.7,0,142,3,98.5,98.5000 ,97,100,1.5375,0.3333 ,48,89.79,5.3593 ,100
252.2875,0,129,6,100,100.0000 ,97,103,0.5875,0.5000 ,44,90.5733,5.2981 ,98
253.4125,1,126,5,100.5,100.5556 ,98,103,1.125,0.5000 ,45,89.3967,5.3522 ,99
254.3125,0,111,6,103,103.0667 ,100,106,0.9,0.5000 ,45,89.4,5.3384 ,103
256.275,0,150,6,103,103.1364 ,100,106,1.9625,0.6667 ,44,90.4933,5.2607 ,103
257.4625,1,139,5,103.5,103.6744 ,101,106,1.1875,0.6667 ,43,91.9633,5.1652 ,102
261.6625,1,119,1,101.5,101.5556 ,101,102,4.2,0.6667 ,45,92.71,5.1087 ,101
262.15,1,121,6,103,103.1304 ,100,106,0.4875,0.6667 ,46,92.0767,5.1311 ,102
262.2375,1,137,11,105.5,105.8667 ,100,111,0.0875,0.6667 ,45,91.84,5.1432 ,106
262.25,1,103,11,105.5,105.8837 ,100,111,0.0125,0.6667 ,43,93.2033,5.0668 ,100
264.025,1,132,16,106,106.0000 ,98,114,1.775,0.5000 ,40,92.6733,5.0951 ,111
268.1875,0,147,14,102,102.3333 ,95,109,4.1625,0.5000 ,42,95.62,4.9246 ,98
269.35,0,116,12,101,101.5714 ,95,107,1.1625,0.5000 ,42,92.9667,5.0510 ,98
269.8375,1,114,12,101,101.7692 ,95,107,0.4875,0.5000 ,39,92.0367,5.0878 ,106
270.9625,0,96,14,98,98.7000 ,91,105,1.125,0.3333 ,40,91.1933,5.1253 ,95
272.55,0,121,6,97,97.3659 ,94,100,1.5875,0.5000 ,41,89.9267,5.1938 ,98
274.0875,0,106,10,101,101.3659 ,96,106,1.5375,0.5000 ,41,89.7867,5.1876 ,98
276.225,1,144,4,104,104.3810 ,102,106,2.1375,0.5000 ,42,87.7167,5.3015 ,104
276.3375,0,147,5,103.5,104.0000 ,101,106,0.1125,0.6667 ,40,90.5267,5.1273 ,102
276.8875,1,114,5,103.5,103.8750 ,101,106,0.55,0.6667 ,40,91.66,5.0541 ,103
277.65,1,150,10,109,109.8537 ,104,114,0.7625,0.5000 ,41,93.0133,5.0113 ,106
278.0375,0,126,4,103,103.3000 ,101,105,0.3875,0.6667 ,40,93.7733,4.9594 ,104
279.75,0,119,4,103,103.2000 ,101,105,1.7125,0.5000 ,40,94.2767,4.9216 ,104
280.5875,1,137,3,102.5,102.4651 ,101,104,0.8375,0.5000 ,43,94.4867,4.8983 ,103
281.3875,1,132,4,103,103.0952 ,101,105,0.8,0.5000 ,42,93.6133,4.9325 ,104
281.525,1,101,7,100.5,100.6750 ,97,104,0.1375,0.5000 ,40,93.6467,4.9182 ,101
284.3875,0,124,3,102.5,102.5682 ,101,104,2.8625,0.2500 ,44,92.6767,4.9575 ,104
285.1,0,134,3,102.5,102.5349 ,101,104,0.7125,0.3333 ,43,93.0467,4.9256 ,103
286.825,1,142,3,101.5,101.5682 ,100,103,1.725,0.3333 ,44,92.8033,4.9258 ,102
288.775,0,139,8,99,99.2791 ,95,103,1.95,0.3333 ,43,92.98,4.9068 ,100
289.7875,1,116,4,101,101.1463 ,99,103,1.0125,0.3333 ,41,91.7433,4.9603 ,101
294.025,1,144,1,102.5,102.5098 ,102,103,4.2375,0.2500 ,51,91.2067,4.9774 ,103
294.1125,1,111,4,101,101.0408 ,99,103,0.0875,0.5000 ,49,91.6333,4.9418 ,103
299.55,1,108,2,102,102.0000 ,101,103,5.4375,0.2000 ,48,92.5033,4.8832 ,103
300.6375,0,129,3,101.5,101.3953 ,100,103,1.0875,0.2500 ,43,93.0433,4.8427 ,101
302.625,1,121,2,101,100.8889 ,100,102,1.9875,0.3333 ,45,92.3767,4.8657 ,102
303.875,1,103,6,98,97.7391 ,95,101,1.25,0.5000 ,46,92.11,4.8761 ,100
305.5875,1,96,10,96,95.7826 ,91,101,1.7125,0.5000 ,46,91.2033,4.9318 ,95
311.8875,1,106,2,101,100.9796 ,100,102,6.3,0.5000 ,49,89.2067,5.0299 ,101
312.475,1,111,2,102,102.0204 ,101,103,0.5875,0.3333 ,49,89.1667,5.0201 ,102
313.725,1,142,1,102.5,102.5000 ,102,103,1.25,0.3333 ,46,89.95,4.9650 ,103
313.9,1,150,7,102.5,102.5778 ,99,106,0.175,0.5000 ,45,92.2033,4.8327 ,103
316.2375,0,124,10,106,105.8837 ,101,111,2.3375,0.5000 ,43,92.7733,4.8028 ,106
318.7625,1,132,8,107,107.2667 ,103,111,2.525,0.6667 ,45,94.0433,4.7456 ,106
319.3,1,129,8,107,107.2791 ,103,111,0.5375,0.6667 ,43,94.9433,4.7081 ,103
319.375,0,119,13,104.5,104.8095 ,98,111,0.075,0.5000 ,42,94.7533,4.7124 ,103
320.7875,0,116,14,98,97.8372 ,91,105,1.4125,0.5000 ,43,93.8533,4.7540 ,103
321.925,0,147,14,98,97.4878 ,91,105,1.1375,0.3333 ,41,93.0433,4.7934 ,103
323.2625,1,103,11,96.5,96.1163 ,91,102,1.3375,0.5000 ,43,93.0433,4.7984 ,101
324.6125,1,91,11,93.5,93.1163 ,88,99,1.35,0.5000 ,43,92.3767,4.8610 ,91
325.525,0,88,13,90.5,90.1905 ,84,97,0.9125,0.5000 ,42,88.4433,5.1386 ,88
325.9,1,139,11,90.5,90.1163 ,85,96,0.375,0.5000 ,43,83.9033,5.4803 ,95
326.175,0,126,10,89,88.6341 ,84,94,0.275,0.5000 ,41,82.6367,5.6479 ,85
326.9125,0,114,9,88.5,88.1707 ,84,93,0.7375,0.3333 ,41,80.5933,5.8810 ,93
327.4125,1,108,1,90.5,90.4750 ,90,91,0.5,0.6667 ,40,82.15,5.8234 ,90
327.5,1,93,7,87.5,87.3158 ,84,91,0.0875,0.5000 ,38,80.85,6.0146 ,90
327.8625,0,137,27,97.5,96.0789 ,84,111,0.3625,0.5000 ,38,82.11,5.9232 ,91
328.5875,0,144,15,108.5,108.7027 ,101,116,0.725,0.5000 ,37,81.6333,5.9770 ,114
331.7375,0,134,11,106.5,106.6341 ,101,112,3.15,0.5000 ,41,89.6,5.4489 ,111
334.2625,0,147,7,104.5,104.4222 ,101,108,2.525,0.5000 ,45,95.77,5.0916 ,102
335.975,1,116,2,102,102.0000 ,101,103,1.7125,0.5000 ,46,98.08,4.9609 ,102
336.75,0,101,8,99,99.0000 ,95,103,0.775,0.5000 ,46,94.57,5.1360 ,101
339.0875,1,126,3,96.5,96.5000 ,95,98,2.3375,0.5000 ,44,91.8067,5.2896 ,97
339.1,0,106,5,97.5,97.5000 ,95,100,0.0125,0.5000 ,42,90.1733,5.3802 ,98
340.3375,1,139,3,96.5,96.5000 ,95,98,1.2375,0.5000 ,42,89.0367,5.4477 ,97
340.925,0,96,7,94.5,94.3250 ,91,98,0.5875,0.5000 ,40,87.9233,5.5280 ,95
341.8875,1,119,14,99,98.8108 ,92,106,0.9625,0.5000 ,37,87.2267,5.5627 ,96
342.9125,0,114,20,101,101.2703 ,91,111,1.025,0.6667 ,37,86.69,5.5851 ,106
343.325,0,108,20,101,101.2857 ,91,111,0.4125,0.6667 ,35,89.7833,5.3812 ,106
344.175,0,103,11,96.5,96.6410 ,91,102,0.85,0.5000 ,39,93.0533,5.1902 ,98
347.7125,0,129,6,95,94.8571 ,92,98,3.5375,0.3333 ,42,93.0867,5.1954 ,98
348.05,0,142,5,94.5,94.3171 ,92,97,0.3375,0.5000 ,41,90.6867,5.3431 ,93
348.9375,1,111,5,93.5,93.5000 ,91,96,0.8875,0.5000 ,42,86.86,5.5946 ,95
349.3625,1,134,15,98.5,98.5000 ,91,106,0.425,0.5000 ,40,86.0267,5.6400 ,96
350.45,0,144,18,102,102.6923 ,93,111,1.0875,0.5000 ,39,85.61,5.6572 ,106
356.2625,0,101,14,104,104.7778 ,97,111,5.8125,0.5000 ,45,89.7833,5.3900 ,99
359.475,1,137,9,100.5,100.6957 ,96,105,3.2125,0.5000 ,46,90.72,5.3233 ,104
359.75,0,121,9,106.5,106.7045 ,102,111,0.275,0.5000 ,44,92.9867,5.1979 ,105
360.775,1,150,18,100,100.2000 ,91,109,1.025,0.5000 ,45,92.93,5.1907 ,103
361.1125,0,91,21,98.5,98.5000 ,88,109,0.3375,0.5000 ,44,93.9133,5.1286 ,91
362.625,0,124,16,101,100.6190 ,93,109,1.5125,0.5000 ,42,89.5833,5.3656 ,107
363.475,0,88,22,95,94.7317 ,84,106,0.85,0.5000 ,41,90.7767,5.3024 ,88
367.4375,0,121,14,91,89.8605 ,84,98,3.9625,0.5000 ,43,86.0033,5.6449 ,96
369.85,0,139,5,96.5,96.2500 ,94,99,2.4125,0.5000 ,40,87.29,5.5608 ,95
370.625,0,132,9,98.5,98.2750 ,94,103,0.775,0.6667 ,40,84.2267,5.7548 ,98
371.3625,1,119,11,97.5,97.3590 ,92,103,0.7375,0.5000 ,39,87.0867,5.5606 ,95
372.8,1,116,8,88,87.2432 ,84,92,1.4375,0.3333 ,37,86.7167,5.6600 ,92
374.0375,1,111,12,97,96.7000 ,91,103,1.2375,0.5000 ,40,85.6267,5.7287 ,92
374.2375,0,137,15,98.5,98.3077 ,91,106,0.2,0.5000 ,39,83.9167,5.8369 ,103
376.65,0,129,13,99.5,99.5000 ,93,106,2.4125,0.5000 ,40,86.7733,5.6344 ,94
377.1,0,114,13,99.5,99.1905 ,93,106,0.45,0.5000 ,42,87.0733,5.6052 ,103
378.5375,0,126,14,99,99.0000 ,92,106,1.4375,0.5000 ,40,90.3433,5.3931 ,94
379.8375,0,91,6,94,93.9231 ,91,97,1.3,0.6667 ,39,87.6133,5.5716 ,91
384.75,1,103,3,94.5,94.3404 ,93,96,4.9125,0.5000 ,47,86.3433,5.6613 ,94
385.4,1,134,1,95.5,95.4565 ,95,96,0.65,0.3333 ,46,84.0133,5.8201 ,96
385.725,0,101,4,95,94.8667 ,93,97,0.325,0.5000 ,45,84.77,5.7727 ,96
387.3875,1,142,2,95,94.9787 ,94,96,1.6625,0.5000 ,47,86.18,5.6821 ,95
390.15,0,150,2,95,95.0000 ,94,96,2.7625,0.5000 ,48,86.3867,5.6720 ,96
391.5875,1,106,4,96,96.0000 ,94,98,1.4375,0.7500 ,48,86.42,5.6686 ,97
392.05,0,144,9,98.5,98.5000 ,94,103,0.4625,0.6667 ,46,86.7833,5.6362 ,98
394.3,0,147,5,96.5,96.5000 ,94,99,2.25,0.5000 ,46,87.6867,5.5750 ,96
394.9625,0,129,4,96,95.9130 ,94,98,0.6625,0.5000 ,46,87.59,5.5803 ,96
396.25,1,121,8,99,98.9070 ,95,103,1.2875,0.5000 ,43,87.26,5.5921 ,97
396.5625,0,124,11,100.5,100.3721 ,95,106,0.3125,0.5000 ,43,87.0533,5.5950 ,103
398.75,0,132,4,97,96.9000 ,95,99,2.1875,0.5000 ,40,89.3533,5.4466 ,98
399.8625,0,93,10,93,92.3590 ,88,98,1.1125,0.5000 ,39,89.7567,5.4403 ,91
402.025,0,108,4,96,95.8261 ,94,98,2.1625,0.5000 ,46,87.5433,5.5771 ,97
404.55,0,101,3,95.5,95.4000 ,94,97,2.525,0.7500 ,45,86.0933,5.6719 ,96
407.3875,0,116,3,95.5,95.3333 ,94,97,2.8375,0.7500 ,45,85.67,5.7011 ,95
407.95,1,137,3,95.5,95.3256 ,94,97,0.5625,0.5000 ,43,86.6567,5.6373 ,95
408.175,1,103,2,95,94.9048 ,94,96,0.225,0.6667 ,42,86.0867,5.6775 ,94
408.2625,1,111,3,95.5,95.3500 ,94,97,0.0875,0.6667 ,40,85.4833,5.7184 ,96
409.125,1,98,9,98.5,98.2750 ,94,103,0.8625,0.5000 ,40,85.85,5.6857 ,97
411.15,0,144,12,100,100.1538 ,94,106,2.025,0.6667 ,39,86.5133,5.6320 ,103
413.625,0,134,12,100,100.0000 ,94,106,2.475,0.6667 ,42,89.3533,5.4433 ,99
416.6625,1,114,12,100,100.2727 ,94,106,3.0375,0.7500 ,44,90.09,5.3892 ,102
416.9125,0,96,12,100,100.4186 ,94,106,0.25,0.7500 ,43,91.51,5.2961 ,94
420.6875,0,126,4,100,100.0426 ,98,102,3.775,0.7500 ,47,88.6633,5.4565 ,100
420.875,0,147,6,99,99.1364 ,96,102,0.1875,0.5000 ,44,89.0733,5.4225 ,101
421.05,0,142,6,99,99.0000 ,96,102,0.175,0.7500 ,44,89.0467,5.4154 ,97
423.4,1,124,1,100.5,100.5000 ,100,101,2.35,0.5000 ,46,89.6333,5.3705 ,101
423.45,0,150,13,104.5,104.5000 ,98,111,0.05,0.3333 ,44,90.0367,5.3439 ,101
424.0625,0,119,13,104.5,104.6512 ,98,111,0.6125,0.5000 ,43,90.1567,5.3347 ,99
429.0375,1,142,2,100,99.9778 ,99,101,4.975,0.3333 ,45,90.57,5.3013 ,101
429.15,0,111,3,99.5,99.4318 ,98,101,0.1125,0.5000 ,44,90.6367,5.2886 ,99
429.75,1,132,3,99.5,99.3571 ,98,101,0.6,0.5000 ,42,90.03,5.3156 ,100
431.725,0,139,9,95.5,95.3043 ,91,100,1.975,0.5000 ,46,90.3033,5.3007 ,98
433.7375,1,114,7,94.5,94.1111 ,91,98,2.0125,0.5000 ,45,89.3967,5.3610 ,97
434.3375,0,108,12,97,96.4545 ,91,103,0.6,0.5000 ,44,88.7333,5.3980 ,98
435.35,1,137,12,97,96.7143 ,91,103,1.0125,0.5000 ,42,88.2267,5.4251 ,96
435.45,1,91,15,95.5,95.1250 ,88,103,0.1,0.5000 ,40,87.59,5.4663 ,91
435.75,0,88,5,86.5,86.2500 ,84,89,0.3,0.5000 ,40,85.5933,5.6651 ,88
438.1875,1,144,22,95,93.2632 ,84,106,2.4375,0.5000 ,38,82.5533,5.8844 ,103
438.3125,1,85,23,94.5,92.9459 ,83,106,0.125,0.5000 ,37,85.3033,5.7067 ,84
440.1375,0,121,18,102,101.7692 ,93,111,1.825,0.5000 ,39,82.66,5.8803 ,106
444.8875,1,147,14,104,104.4667 ,97,111,4.75,0.5000 ,45,88.3433,5.4998 ,105
445.3125,1,134,17,105.5,106.2727 ,97,114,0.425,0.5000 ,44,89.48,5.4347 ,111
445.5125,0,116,19,104.5,105.8571 ,95,114,0.2,0.5000 ,42,97.12,5.0097 ,97
445.9875,0,103,16,106,106.9756 ,98,114,0.475,0.5000 ,41,93.9833,5.1844 ,98
449.3,1,126,2,101,101.0455 ,100,102,3.3125,0.5000 ,44,91.7367,5.3029 ,101
449.35,1,119,5,101.5,101.5581 ,99,104,0.05,0.3333 ,43,89.2567,5.4419 ,100
450.0375,1,139,6,98,98.2195 ,95,101,0.6875,0.5000 ,41,90.0933,5.3842 ,99
451.7,0,106,15,106.5,107.2143 ,99,114,1.6625,0.5000 ,42,90.27,5.3825 ,101
452.85,1,101,16,106,106.8000 ,98,114,1.15,0.5000 ,40,90.3667,5.3834 ,101
454.0625,1,129,17,103.5,103.7179 ,95,112,1.2125,0.5000 ,39,90.6967,5.3593 ,98
454.7,0,144,19,104.5,105.2308 ,95,114,0.6375,0.5000 ,39,90.2367,5.3866 ,112
458.375,0,142,8,107,107.4651 ,103,111,3.675,0.5000 ,43,94.0033,5.1800 ,104
459.2875,0,121,9,108.5,108.9737 ,104,113,0.9125,0.5000 ,38,94.7267,5.1576 ,109
460.3625,0,124,9,108.5,109.0769 ,104,113,1.075,0.5000 ,39,97.7733,5.0137 ,109
462.5,1,150,3,107.5,107.7442 ,106,109,2.1375,0.7500 ,43,97.1133,5.0574 ,108
462.725,1,147,3,108.5,108.7143 ,107,110,0.225,0.5000 ,42,98.13,5.0192 ,109
463.975,1,119,3,107.5,107.6429 ,106,109,1.25,0.5000 ,42,98.1633,5.0261 ,107
464.8875,0,126,8,110,110.2927 ,106,114,0.9125,0.5000 ,41,97.5267,5.0820 ,109
469.175,1,116,6,105,105.2727 ,102,108,4.2875,0.5000 ,44,97.8633,5.0637 ,107
471.925,0,103,11,100.5,100.6279 ,95,106,2.75,0.3333 ,43,97.2567,5.0873 ,102
473.3875,1,129,2,104,104.0222 ,103,105,1.4625,0.4000 ,45,95.53,5.1751 ,103
477.1625,1,111,1,102.5,102.4894 ,102,103,3.775,0.3333 ,47,93.8233,5.2623 ,103
477.5625,1,132,1,102.5,102.5106 ,102,103,0.4,0.2500 ,47,92.7733,5.3148 ,103
477.7625,1,139,5,100.5,100.6087 ,98,103,0.2,0.3333 ,46,93.0433,5.2912 ,102
478.2125,1,134,5,100.5,100.5000 ,98,103,0.45,0.2500 ,46,92.71,5.3021 ,103
479.2,0,137,8,99,99.0000 ,95,103,0.9875,0.2500 ,44,92.7433,5.2929 ,103
480.8625,1,114,4,100,100.0000 ,98,102,1.6625,0.2500 ,42,92.7733,5.2832 ,102
483.4125,1,108,1,101.5,101.5238 ,101,102,2.55,0.3333 ,42,92.71,5.2790 ,102
483.675,1,111,10,106,106.2500 ,101,111,0.2625,0.5000 ,40,92.41,5.2988 ,102
488.5625,0,101,16,103,103.3810 ,95,111,4.8875,0.5000 ,42,92.14,5.3089 ,101
491,0,116,6,98,97.8500 ,95,101,2.4375,0.5000 ,40,91.8067,5.3227 ,100
494.6,0,126,16,103,103.0000 ,95,111,3.6,0.5000 ,42,91.1733,5.3535 ,99
495.025,0,139,16,103,103.3810 ,95,111,0.425,0.5000 ,42,90.27,5.4015 ,100
498.7375,0,134,3,96.5,96.4000 ,95,98,3.7125,0.5000 ,45,90.0333,5.4137 ,97
499.075,0,114,4,97,96.8095 ,95,99,0.3375,0.5000 ,42,89.0633,5.4694 ,97
500.15,0,132,8,99,99.0000 ,95,103,1.075,0.5000 ,44,88.4333,5.5011 ,98
502,1,119,6,98,97.9302 ,95,101,1.85,0.5000 ,43,87.9567,5.5252 ,97
502.725,1,96,5,93.5,93.3810 ,91,96,0.725,0.5000 ,42,87.9233,5.5370 ,95
503.175,0,103,10,98,98.0000 ,93,103,0.45,0.5000 ,40,87.2267,5.5753 ,96
504.85,0,150,12,97,97.0000 ,91,103,1.675,0.5000 ,40,86.69,5.6060 ,98
505.325,0,106,12,97,96.8462 ,91,103,0.475,0.5000 ,39,87.1167,5.5751 ,100
506.4875,1,124,7,94.5,94.4146 ,91,98,1.1625,0.5000 ,41,88.6533,5.4831 ,97
507.1125,1,91,8,92,91.7209 ,88,96,0.625,0.6667 ,43,88.7933,5.4926 ,91
508.6125,0,144,6,93,92.8636 ,90,96,1.5,0.6667 ,44,86.4333,5.6544 ,96
509.25,1,121,6,93,92.8000 ,90,96,0.6375,0.5000 ,45,85.49,5.7288 ,95
509.475,1,137,11,95.5,95.2500 ,90,101,0.225,0.5000 ,44,85.0367,5.7604 ,96
509.875,0,106,9,98.5,98.3953 ,94,103,0.4,0.5000 ,43,86.42,5.6615 ,101
511.55,0,142,6,100,100.1500 ,97,103,1.675,0.5000 ,40,88.1167,5.5445 ,98
512.925,0,147,4,101,101.1463 ,99,103,1.375,0.5000 ,41,88.8867,5.4888 ,99
514.675,1,101,5,100.5,100.5610 ,98,103,1.75,0.5000 ,41,89.67,5.4330 ,101
517.0125,0,150,5,103.5,103.7273 ,101,106,2.3375,0.5000 ,44,89.8267,5.4194 ,103
517.825,0,126,6,103,103.3000 ,100,106,0.8125,0.5000 ,40,91.3633,5.3232 ,102
518.775,1,129,5,103.5,103.8571 ,101,106,0.95,0.6667 ,42,92.17,5.2728 ,101
519.0125,1,144,11,105.5,106.2857 ,100,111,0.2375,0.6667 ,42,92.0767,5.2814 ,106
520.35,0,103,11,105.5,106.0500 ,100,111,1.3375,0.6667 ,40,93.1733,5.2215 ,100
524.5375,1,121,2,101,101.0455 ,100,102,4.1875,0.5000 ,44,92.4033,5.2577 ,101
525.6625,0,139,4,100,100.0444 ,98,102,1.125,0.2000 ,45,92.2867,5.2570 ,100
526.0625,0,132,4,100,100.0465 ,98,102,0.4,0.3333 ,43,90.6333,5.3455 ,101
527.55,1,134,2,100,100.0500 ,99,101,1.4875,0.3333 ,40,90.9367,5.3203 ,101
527.6875,0,114,7,102.5,102.6842 ,99,106,0.1375,0.5000 ,38,90.9667,5.3127 ,101
530.525,1,101,4,102,102.2000 ,100,104,2.8375,0.5000 ,40,91.2367,5.2905 ,101
530.7125,1,137,6,103,103.3846 ,100,106,0.1875,0.5000 ,39,91.2367,5.2858 ,104
536.9125,0,116,3,101.5,101.6000 ,100,103,6.2,0.5000 ,45,92.2367,5.2217 ,100
539.475,1,111,4,101,101.0444 ,99,103,2.5625,0.5000 ,45,91.8033,5.2392 ,102
539.65,0,119,5,100.5,100.5581 ,98,103,0.175,0.5000 ,43,92.08,5.2163 ,99
541.7375,1,142,3,100.5,100.5600 ,99,102,2.0875,0.5000 ,50,90.6,5.2943 ,101
546.225,0,147,3,100.5,100.5625 ,99,102,4.4875,0.5000 ,48,90.9067,5.2692 ,99
546.675,1,108,2,100,100.0400 ,99,101,0.45,0.6667 ,50,90.03,5.3134 ,100
550.55,0,139,3,99.5,99.5882 ,98,101,3.875,0.7500 ,51,90.3033,5.2904 ,99
553.4125,1,111,2,99,99.0204 ,98,100,2.8625,0.7500 ,49,89.73,5.3177 ,99
553.95,0,134,3,99.5,99.5319 ,98,101,0.5375,0.7500 ,47,89.7,5.3126 ,100
555.3,1,108,7,102.5,102.7143 ,99,106,1.35,0.7500 ,49,89.7633,5.3032 ,102
555.6,0,124,11,105.5,105.9583 ,100,111,0.3,0.5000 ,48,90.73,5.2489 ,106
557.0625,0,126,3,107.5,107.6304 ,106,109,1.4625,0.5000 ,46,92.9333,5.1328 ,108
557.675,1,129,3,107.5,107.6304 ,106,109,0.6125,0.5000 ,46,95.34,5.0112 ,107
558.6,1,116,3,107.5,107.5957 ,106,109,0.925,0.5000 ,47,96.6867,4.9490 ,106
559,1,144,5,108.5,108.6136 ,106,111,0.4,0.5000 ,44,96.5933,4.9657 ,109
559.8,0,132,8,110,110.2667 ,106,114,0.8,0.5000 ,45,97.0233,4.9636 ,111
560.2125,1,147,8,110,110.3636 ,106,114,0.4125,0.5000 ,44,98.32,4.9180 ,107
560.3875,0,137,11,110.5,111.0238 ,105,116,0.175,0.5000 ,42,98.3967,4.9373 ,114
561.6375,1,119,20,105,105.4762 ,95,115,1.25,0.5000 ,42,100.07,4.8545 ,108
562.425,0,96,24,103,103.3077 ,91,115,0.7875,0.5000 ,39,99.09,4.8980 ,95
562.9875,0,150,22,102,101.7179 ,91,113,0.5625,0.5000 ,39,94.8467,5.1107 ,92
564.075,0,121,21,101.5,101.2162 ,91,112,1.0875,0.5000 ,37,88.3267,5.4809 ,111
568.225,0,103,13,97.5,97.5000 ,91,104,4.15,0.5000 ,40,90.25,5.3602 ,100
570.3,0,114,5,98.5,98.3750 ,96,101,2.075,0.5000 ,40,91.4733,5.2832 ,100
570.475,1,124,5,98.5,98.3750 ,96,101,0.175,0.5000 ,40,93.3033,5.1744 ,100
571.2625,0,144,5,99.5,99.3750 ,97,102,0.7875,0.5000 ,40,90.3333,5.3382 ,101
573.2,1,101,3,101.5,101.5714 ,100,103,1.9375,0.5000 ,42,90.6667,5.3119 ,101
573.9625,0,114,5,103.5,103.6829 ,101,106,0.7625,0.5000 ,41,90.9667,5.2902 ,103
574.9875,0,142,5,103.5,103.5641 ,101,106,1.025,0.5000 ,39,91.9033,5.2320 ,103
575.9375,1,126,5,103.5,103.7500 ,101,106,0.95,0.5000 ,40,92.5033,5.1941 ,102
577.3625,0,121,16,108,108.6154 ,100,116,1.425,0.5000 ,39,92.71,5.1937 ,106
580.8125,1,111,4,102,102.2105 ,100,104,3.45,0.5000 ,38,93.7433,5.1306 ,101
582.225,0,134,16,108,108.9756 ,100,116,1.4125,0.7500 ,41,93.0067,5.1839 ,104
584.3125,0,139,15,108.5,109.6842 ,101,116,2.0875,0.6667 ,38,93.5867,5.1675 ,101
592.2875,0,106,3,101.5,101.4375 ,100,103,7.975,0.6667 ,48,92.1367,5.2423 ,102
592.8375,0,124,2,101,101.0000 ,100,102,0.55,0.6667 ,44,92.38,5.2219 ,101
593.25,0,101,2,101,101.0698 ,100,102,0.4125,0.5000 ,43,91.5367,5.2635 ,101
594.125,1,150,6,103,103.1429 ,100,106,0.875,0.5000 ,42,91.5067,5.2602 ,101
595.2,1,129,2,101,100.9268 ,100,102,1.075,0.6667 ,41,91.2367,5.2692 ,100
595.425,0,119,7,98.5,98.1500 ,95,102,0.225,0.5000 ,40,90.9033,5.2839 ,100
596.8125,1,103,5,97.5,97.3333 ,95,100,1.3875,0.5000 ,45,90.6033,5.2982 ,99
596.9625,0,96,9,95.5,95.2955 ,91,100,0.15,0.5000 ,44,90,5.3357 ,95
599.225,1,137,7,94.5,94.2667 ,91,98,2.2625,0.5000 ,45,88.3667,5.4398 ,97
599.775,0,116,4,97,96.8182 ,95,99,0.55,0.5000 ,44,87.5633,5.4874 ,98
2.2,0,103,-55,27.5,18.3333 ,55,0,0,0.5000 ,3,0,0.0000 ,60
8.1,1,147,186,230,289.1818 ,137,323,5.9,0.5000 ,11,0,0.0000 ,147
11.375,1,137,32,127,129.0000 ,111,143,3.275,0.5000 ,16,0,0.0000 ,137
12.6125,0,111,35,115.5,116.4211 ,98,133,1.2375,0.5000 ,19,105.9667,105.8206 ,111
13.55,1,134,11,126.5,126.7895 ,121,132,0.9375,0.5000 ,19,117.79,82.5589 ,129
13.85,0,121,24,110,109.3684 ,98,122,0.3,0.5000 ,19,113.29,77.3711 ,121
17.1125,0,150,8,109,108.5200 ,105,113,3.2625,0.5000 ,25,109.0033,73.8392 ,112
18.9375,1,119,3,106.5,106.5556 ,105,108,1.825,0.5000 ,27,108.4633,69.0645 ,107
19.9125,0,116,10,103,103.1852 ,98,108,0.975,0.5000 ,27,101.9367,69.1272 ,105
23.2625,1,124,5,100.5,100.5806 ,98,103,3.35,0.5000 ,31,97.34,68.6404 ,99
23.325,1,114,16,106,106.0000 ,98,114,0.0625,0.5000 ,30,93.39,68.0400 ,103
23.7625,0,139,21,108.5,108.8621 ,98,119,0.4375,0.5000 ,29,92.3833,65.6639 ,114
26.4625,0,132,4,114,114.1000 ,112,116,2.7,0.5000 ,40,95.63,60.7478 ,115
27.0625,0,129,6,112,112.0000 ,109,115,0.6,0.5000 ,40,100.3433,55.6478 ,114
27.9375,0,142,13,107.5,107.5000 ,101,114,0.875,0.5000 ,40,103.28,52.1621 ,112
29.55,1,144,11,106.5,106.2381 ,101,112,1.6125,0.5000 ,42,102.5833,50.8046 ,109
29.5875,1,101,14,105,104.4878 ,98,112,0.0375,0.5000 ,41,100.7133,50.1870 ,101
30.65,1,98,16,104,103.4146 ,96,112,1.0625,0.5000 ,41,96.6067,50.8468 ,98
31.425,1,96,16,104,103.7949 ,96,112,0.775,0.6667 ,39,92.3967,51.7410 ,96
31.475,1,147,23,107.5,107.1892 ,96,119,0.05,0.5000 ,37,88.67,52.5094 ,112
32.1,0,106,26,104,103.3158 ,91,117,0.625,0.5000 ,38,92.5933,49.0768 ,96
32.8625,1,126,26,104,103.0000 ,91,117,0.7625,0.5000 ,39,91.52,48.5182 ,114
33.2125,0,91,28,102,101.2632 ,88,116,0.35,0.5000 ,38,97.04,44.7784 ,91
36.4375,1,111,2,101,100.9333 ,100,102,3.225,0.5000 ,45,90.4533,47.0565 ,101
37.225,1,124,3,99.5,99.3953 ,98,101,0.7875,0.5000 ,43,91.7467,45.5004 ,100
37.6625,1,108,5,100.5,100.3810 ,98,103,0.4375,0.6667 ,42,88.2033,46.4389 ,101
37.85,1,119,16,106,105.6000 ,98,114,0.1875,0.6667 ,40,90.9367,44.1839 ,98
39.05,0,98,18,97,95.8462 ,88,106,1.2,0.5000 ,39,89.9667,43.9400 ,98
41.1,0,129,18,97,95.8462 ,88,106,2.05,0.5000 ,39,89.3367,43.5577 ,96
44.1125,0,116,7,98.5,98.0000 ,95,102,3.0125,0.5000 ,42,87.86,43.5897 ,101
47.6,1,101,5,98.5,98.2727 ,96,101,3.4875,0.6000 ,44,88.9267,42.4037 ,101
49.025,1,139,10,101,100.6341 ,96,106,1.425,0.7500 ,41,89.8867,41.3025 ,101
49.65,1,126,18,105,105.4500 ,96,114,0.625,0.7500 ,40,91.2367,40.0558 ,106
50.0375,1,150,18,105,105.4500 ,96,114,0.3875,0.7500 ,40,92.9033,38.7415 ,96
50.375,1,121,20,106,106.5000 ,96,116,0.3375,0.6667 ,40,91.07,38.9380 ,114
51.8375,0,96,21,104.5,104.5000 ,94,115,1.4625,0.5000 ,42,95.42,36.6352 ,96
53.175,0,114,18,107,107.0000 ,98,116,1.3375,0.5000 ,42,92.12,37.4177 ,114
55.925,1,142,14,109,109.0000 ,102,116,2.75,0.5000 ,42,97.58,34.8436 ,104
58.1375,0,103,20,101,100.3023 ,91,111,2.2125,0.5000 ,43,94.7867,35.4221 ,102
62.0125,1,137,6,110,110.0000 ,107,113,3.875,0.6667 ,46,95.98,34.5315 ,107
62.2875,1,139,8,112,112.0000 ,108,116,0.275,0.5000 ,46,94.3467,34.6928 ,113
65.125,0,134,6,116,116.1304 ,113,119,2.8375,0.5000 ,46,97.3067,33.2474 ,116
67.2,0,132,7,119.5,119.7442 ,116,123,2.075,0.5000 ,43,101.4567,31.5502 ,117
68.7875,0,119,3,119.5,119.6000 ,118,121,1.5875,0.5000 ,45,104.31,30.3681 ,119
69.1875,0,137,3,118.5,118.6047 ,117,120,0.4,0.5000 ,43,106.0867,29.5485 ,119
70.1625,1,124,3,119.5,119.5682 ,118,121,0.975,0.6667 ,44,106.9567,29.0153 ,119
72.9875,1,150,2,119,119.0455 ,118,120,2.825,0.6667 ,44,107.4967,28.5833 ,118
73.3625,1,144,6,117,117.0698 ,114,120,0.375,0.5000 ,43,107.1633,28.3828 ,118
73.8125,1,147,7,117.5,117.7561 ,114,121,0.45,0.5000 ,41,106.8633,28.1841 ,120
75.3375,0,114,12,117,117.8571 ,111,123,1.525,0.5000 ,42,107.26,27.8110 ,114
77.675,1,129,6,114,114.4884 ,111,117,2.3375,0.5000 ,43,105.86,27.9014 ,113
78.55,0,134,8,115,115.2791 ,111,119,0.875,0.5000 ,43,104.2667,28.0565 ,117
82.8,1,142,5,113.5,113.6596 ,111,116,4.25,0.5000 ,47,103.68,27.9461 ,114
84.125,0,111,13,107.5,107.7955 ,101,114,1.325,0.5000 ,44,103.61,27.7021 ,111
86.375,1,121,10,106,105.8889 ,101,111,2.25,0.6667 ,45,102.79,27.6696 ,108
86.9875,1,103,7,104.5,104.4186 ,101,108,0.6125,0.6667 ,43,100.08,28.1702 ,101
88.6375,1,101,10,103,103.0000 ,98,108,1.65,0.6667 ,44,96.0367,29.1099 ,101
89.65,0,116,10,103,103.0000 ,98,108,1.0125,0.3333 ,44,93.1267,29.7717 ,108
90.65,0,126,7,101.5,101.3409 ,98,105,1,0.3333 ,44,93.57,29.3986 ,105
94.4375,0,119,6,101,101.0667 ,98,104,3.7875,0.5000 ,45,94.67,28.8343 ,99
95.3625,0,147,5,100.5,100.4444 ,98,103,0.925,0.5000 ,45,93.66,28.9288 ,101
95.4375,0,126,7,101.5,101.5000 ,98,105,0.075,0.5000 ,44,91.7167,29.3195 ,102
98.1375,0,106,4,102,101.9556 ,100,104,2.7,0.5000 ,45,91.03,29.3195 ,102
100.1625,1,142,2,101,101.0000 ,100,102,2.025,0.5000 ,48,91.87,28.8419 ,101
100.95,1,134,6,103,102.9362 ,100,106,0.7875,0.5000 ,47,91.8067,28.6476 ,102
101.525,1,144,8,102,102.0930 ,98,106,0.575,0.5000 ,43,91.84,28.4313 ,100
101.6625,0,98,10,101,101.0000 ,96,106,0.1375,0.5000 ,42,91.2033,28.4319 ,98
102.5125,1,108,6,103,103.0000 ,100,106,0.85,0.6667 ,42,90.2067,28.5414 ,100
102.6125,1,132,10,101,100.8780 ,96,106,0.1,0.5000 ,41,89.7333,28.4997 ,100
102.675,1,96,15,98.5,98.1250 ,91,106,0.0625,0.5000 ,40,89.7933,28.3080 ,96
105.6625,1,91,16,96,95.0244 ,88,104,2.9875,0.5000 ,41,89,28.4121 ,91
106.1125,1,114,15,98.5,97.5854 ,91,106,0.45,0.5000 ,41,86.1333,29.1869 ,104
106.2375,1,137,18,97,96.1000 ,88,106,0.125,0.5000 ,40,87.8867,28.4504 ,91
106.6875,0,116,27,102.5,101.1500 ,89,116,0.45,0.5000 ,40,86.1033,28.8548 ,106
114.3125,0,150,10,109,109.1163 ,104,114,7.625,0.5000 ,43,90.7133,27.2032 ,106
120.0375,1,111,5,111.5,111.6829 ,109,114,5.725,0.3333 ,41,91.7033,26.7337 ,110
120.25,1,121,13,107.5,107.6585 ,101,114,0.2125,0.5000 ,41,97.0867,25.0847 ,114
120.625,0,139,9,111.5,111.8293 ,107,116,0.375,0.5000 ,41,99.62,24.2916 ,114
121.975,0,121,9,111.5,111.6047 ,107,116,1.35,0.5000 ,43,101.9,23.5987 ,115
125.725,1,119,2,113,113.0455 ,112,114,3.75,0.5000 ,44,103.3133,23.1345 ,113
126.35,1,124,3,114.5,114.6098 ,113,116,0.625,0.6667 ,41,102.9467,23.0820 ,114
126.425,1,129,18,110,110.6923 ,101,119,0.075,0.6667 ,39,102.95,22.9399 ,116
128.9,0,103,12,107,107.1395 ,101,113,2.475,0.6667 ,43,103.3767,22.7058 ,101
129.25,0,150,7,104.5,104.5814 ,101,108,0.35,0.5000 ,43,99.2467,23.5111 ,107
130.3875,0,142,8,105,105.0000 ,101,109,1.1375,0.5000 ,44,97.2867,23.8442 ,106
130.5625,1,139,7,104.5,104.4222 ,101,108,0.175,0.5000 ,45,94.7033,24.3537 ,106
132.1625,1,101,8,102,102.0000 ,98,106,1.6,0.5000 ,44,96.0233,23.8885 ,101
132.95,0,98,10,101,100.6512 ,96,106,0.7875,0.5000 ,43,94.0867,24.2540 ,98
137.4375,1,124,2,103,102.9778 ,102,104,4.4875,0.5000 ,45,91.5867,24.7806 ,103
140.0875,0,144,3,102.5,102.5366 ,101,104,2.65,0.5000 ,41,91.0033,24.8066 ,102
141.5625,1,132,10,101,100.7619 ,96,106,1.475,0.5000 ,42,91.36,24.5854 ,102
141.875,1,96,18,97,96.5500 ,88,106,0.3125,0.6667 ,40,92.41,24.2049 ,96
144,1,88,15,92.5,91.3750 ,85,100,2.125,0.5000 ,40,90.14,24.7498 ,88
144.1,1,134,16,93,91.5641 ,85,101,0.1,0.5000 ,39,85.6733,25.9700 ,100
144.4375,1,126,20,96,94.5000 ,86,106,0.3375,0.5000 ,40,85.6533,25.8827 ,101
147.5625,1,114,19,101.5,101.0250 ,92,111,3.125,0.5000 ,40,87.4267,25.2339 ,106
147.8625,1,137,20,101,101.0000 ,91,111,0.3,0.5000 ,40,92.6333,23.7005 ,92
148.525,0,116,24,104,104.0000 ,92,116,0.6625,0.5000 ,42,89.7367,24.3415 ,111
149.175,0,147,24,104,104.0000 ,92,116,0.65,0.5000 ,40,93.22,23.3142 ,96
150.5875,1,98,23,102.5,102.5000 ,91,114,1.4125,0.5000 ,38,90.14,23.9938 ,95
152.1625,0,91,37,97.5,94.0000 ,79,116,1.575,0.5000 ,37,90.4367,23.8375 ,91
155.25,1,132,10,111,110.7619 ,106,116,3.0875,0.5000 ,42,84.7533,25.3141 ,108
155.425,1,111,20,106,105.2308 ,96,116,0.175,0.5000 ,39,88.95,24.0018 ,106
155.525,0,147,23,107.5,106.2895 ,96,119,0.1,0.5000 ,38,92.3033,23.0174 ,116
159.175,0,137,10,112,111.8837 ,107,117,3.65,0.5000 ,43,99.6267,21.2285 ,110
163.1125,0,121,10,114,113.8837 ,109,119,3.9375,0.5000 ,43,100.0867,21.0412 ,116
164.9875,0,114,8,115,115.2667 ,111,119,1.875,0.5000 ,45,102.9867,20.3672 ,114
165.1875,1,144,8,115,115.2791 ,111,119,0.2,0.5000 ,43,102.5,20.3830 ,113
165.4125,1,139,10,116,116.3659 ,111,121,0.225,0.5000 ,41,103.1867,20.1719 ,119
166.725,0,126,12,118,118.8571 ,112,124,1.3125,0.6667 ,42,104.3467,19.8848 ,121
170.7,0,124,5,115.5,115.8261 ,113,118,3.975,0.7500 ,46,106.5433,19.4012 ,116
172.6875,0,150,2,114,114.0833 ,113,115,1.9875,0.6667 ,48,107.0967,19.2230 ,114
173.025,1,142,2,114,114.0417 ,113,115,0.3375,0.6667 ,48,105.47,19.4412 ,114
173.1125,1,129,14,108,108.3043 ,101,115,0.0875,0.5000 ,46,103.52,19.7198 ,113
174.275,0,101,12,105,105.4000 ,99,111,1.1625,0.5000 ,45,102.6467,19.8010 ,101
174.8375,0,103,11,105.5,106.1395 ,100,111,0.5625,0.5000 ,43,98.3467,20.5771 ,101
176.3,1,134,5,103.5,103.6136 ,101,106,1.4625,0.5000 ,44,94.4767,21.3307 ,103
176.325,0,108,6,103,103.1429 ,100,106,0.025,0.5000 ,42,91.9033,21.8382 ,101
177.4875,0,119,10,101,101.2500 ,96,106,1.1625,0.5000 ,40,91.8367,21.7698 ,102
181.5125,1,98,10,101,100.8780 ,96,106,4.025,0.3333 ,41,92.11,21.6231 ,98
182.6625,1,126,6,103,103.0698 ,100,106,1.15,0.3333 ,43,90.5367,21.9111 ,106
183.325,1,150,10,101,101.3488 ,96,106,0.6625,0.5000 ,43,92.2733,21.4174 ,100
185.05,0,96,15,98.5,98.6829 ,91,106,1.725,0.5000 ,41,91.5933,21.5040 ,96
185.9875,1,134,15,98.5,98.3256 ,91,106,0.9375,0.5000 ,43,90.62,21.6639 ,103
186.3125,0,91,18,97,97.0000 ,88,106,0.325,0.5000 ,40,90.1333,21.7156 ,91
189.7625,0,132,18,97,96.7805 ,88,106,3.45,0.5000 ,41,87.1533,22.3923 ,95
192.55,0,101,11,98.5,98.2250 ,93,104,2.7875,0.5000 ,40,86.7767,22.4174 ,96
194.725,1,119,17,105.5,106.1220 ,97,114,2.175,0.5000 ,41,85.07,22.7771 ,101
195.3875,0,111,19,104.5,105.0000 ,95,114,0.6625,0.5000 ,38,88.1167,21.9042 ,97
198.725,1,137,2,99,98.9545 ,98,100,3.3375,0.6667 ,44,88.5533,21.7254 ,98
199.05,1,98,12,94,93.7143 ,88,100,0.325,0.3333 ,42,89.0367,21.5620 ,98
200.075,1,88,14,92,91.3333 ,85,99,1.025,0.5000 ,42,88.2567,21.7217 ,88
200.4,1,121,15,92.5,91.5854 ,85,100,0.325,0.5000 ,41,85.1933,22.4687 ,99
200.7,0,85,21,89.5,88.4500 ,79,100,0.3,0.5000 ,40,85.86,22.2835 ,85
202.3875,0,142,6,91,90.5500 ,88,94,1.6875,0.5000 ,40,81.7933,23.3625 ,92
203.4375,1,106,2,91,90.9048 ,90,92,1.05,0.5000 ,42,82.8967,23.0200 ,91
204.475,0,124,12,95,94.6842 ,89,101,1.0375,0.5000 ,38,80.8833,23.5366 ,92
205.425,1,129,3,90.5,90.3500 ,89,92,0.95,0.5000 ,40,82.8067,22.9619 ,91
205.4875,1,147,12,95,94.2308 ,89,101,0.0625,0.5000 ,39,82.5033,22.9936 ,92
208.725,0,114,11,101.5,101.3659 ,96,107,3.2375,0.5000 ,41,82.8067,22.8312 ,101
210.4,1,139,10,102,101.7727 ,97,107,1.675,0.5000 ,44,85.8367,21.9499 ,106
213.475,1,116,13,107.5,107.7955 ,101,114,3.075,0.5000 ,44,90.4733,20.7519 ,107
214.8125,0,114,14,109,109.3333 ,102,116,1.3375,0.5000 ,42,94.7367,19.7507 ,114
217.4125,0,124,2,107,107.0455 ,106,108,2.6,0.6667 ,44,98.72,18.8878 ,107
218.5375,0,144,10,111,111.1163 ,106,116,1.125,0.6667 ,43,98.7567,18.8205 ,107
219.45,0,111,12,108,108.0000 ,102,114,0.9125,0.5000 ,42,98.5467,18.7964 ,108
221.05,0,142,4,108,108.0909 ,106,110,1.6,0.5000 ,44,96.99,19.0336 ,107
222.025,0,137,3,107.5,107.5385 ,106,109,0.975,0.5000 ,39,96.9567,18.9758 ,107
222.6875,1,139,2,107,107.0000 ,106,108,0.6625,0.5000 ,38,96.9267,18.9177 ,107
224.1,1,119,17,110.5,110.9474 ,102,119,1.4125,0.5000 ,38,96.6567,18.9117 ,108
224.225,0,121,19,111.5,112.0278 ,102,121,0.125,0.5000 ,36,96.99,18.7909 ,119
225.9375,0,108,22,107,108.0000 ,96,118,1.7125,0.5000 ,33,100.9567,17.9935 ,101
228.1375,0,106,14,108,108.5385 ,101,115,2.2,0.5000 ,39,98.5267,18.3778 ,104
229.675,1,103,14,108,108.5385 ,101,115,1.5375,0.5000 ,39,97.0967,18.5887 ,102
230.0875,0,101,17,106.5,106.9474 ,98,115,0.4125,0.5000 ,38,92.47,19.4555 ,101
231.6375,1,150,13,104.5,104.5000 ,98,111,1.55,0.5000 ,38,92.3467,19.4189 ,102
232.9125,1,126,17,106.5,106.9474 ,98,115,1.275,0.5000 ,38,91.84,19.4636 ,111
233.45,0,147,18,107,107.7297 ,98,116,0.5375,0.5000 ,37,94.87,18.7824 ,115
238.9375,1,132,4,110,110.2727 ,108,112,5.4875,0.5000 ,44,99.1733,17.9138 ,109
239.1625,1,129,4,109,109.2326 ,107,111,0.225,0.5000 ,43,100.8033,17.5705 ,108
240.525,1,144,12,104,104.2727 ,98,110,1.3625,0.5000 ,44,99.75,17.7010 ,107
243.4,1,98,3,97.5,97.4000 ,96,99,2.875,0.5000 ,45,97.4967,18.0670 ,98
244.8125,1,96,6,94,93.8636 ,91,97,1.4125,0.5000 ,44,93.9267,18.7229 ,96
245.0375,0,101,8,95,94.7209 ,91,99,0.225,0.5000 ,43,90.29,19.4411 ,97
246.15,1,88,13,91.5,90.8810 ,85,98,1.1125,0.5000 ,42,87.5933,20.0224 ,88
246.4375,0,134,14,92,91.3000 ,85,99,0.2875,0.5000 ,40,84.3533,20.7708 ,98
248.425,1,91,9,89.5,89.1707 ,85,94,1.9875,0.5000 ,41,85.2567,20.5430 ,91
249.9625,0,85,27,92.5,90.7692 ,79,106,1.5375,0.5000 ,39,83.4933,20.9584 ,85
251.6,1,96,22,95,93.5897 ,84,106,1.6375,0.5000 ,39,82.0933,21.2813 ,96
252.4375,0,126,30,99,96.6316 ,84,114,0.8375,0.5000 ,38,82.07,21.2400 ,106
254.5,1,116,12,100,99.1429 ,94,106,2.0625,0.5000 ,42,87.0833,19.9656 ,96
259.6125,1,119,9,109.5,109.6000 ,105,114,5.1125,0.5000 ,45,89.72,19.3256 ,106
260.175,0,111,11,108.5,108.7500 ,103,114,0.5625,0.5000 ,44,92.7533,18.6413 ,105
260.5375,1,144,11,108.5,108.6279 ,103,114,0.3625,0.5000 ,43,92.72,18.5960 ,104
260.6375,1,147,13,109.5,109.5000 ,103,116,0.1,0.5000 ,42,94.7867,18.1412 ,114
261.0625,0,139,16,111,111.1951 ,103,119,0.425,0.5000 ,41,97.55,17.5827 ,116
261.925,1,142,16,111,111.6154 ,103,119,0.8625,0.5000 ,39,100.9467,16.9490 ,107
262.0875,0,129,21,108.5,108.7692 ,98,119,0.1625,0.5000 ,39,101.2467,16.8528 ,103
266.2125,1,137,4,110,109.8182 ,108,112,4.125,0.5000 ,44,97.7533,17.4091 ,109
266.8375,0,132,12,113,112.7273 ,107,119,0.625,0.5000 ,44,96.1233,17.6638 ,108
269.4625,1,124,5,116.5,116.5000 ,114,119,2.625,0.6667 ,44,96.51,17.5644 ,116
270.1375,1,114,19,107.5,107.0682 ,98,117,0.675,0.5000 ,44,100.4967,16.8213 ,114
270.425,1,121,21,108.5,107.5000 ,98,119,0.2875,0.5000 ,42,101.96,16.5349 ,117
270.4625,0,134,23,109.5,108.6585 ,98,121,0.0375,0.5000 ,41,104.52,16.0872 ,119
270.8375,0,150,22,110,109.1538 ,99,121,0.375,0.5000 ,39,105.5467,15.8893 ,106
271.5125,0,98,35,102.5,101.5789 ,85,120,0.675,0.5000 ,38,102.6233,16.3003 ,98
274.5625,0,103,28,102,102.0000 ,88,116,3.05,0.5000 ,38,96.5967,17.2728 ,99
279.175,1,121,12,110,110.2727 ,104,116,4.6125,0.5000 ,44,91.02,18.2858 ,112
279.2875,1,111,12,109,109.2727 ,103,115,0.1125,0.5000 ,44,93.4933,17.7570 ,104
279.6,0,150,13,108.5,108.6512 ,102,115,0.3125,0.5000 ,43,94.9967,17.4312 ,103
282.0625,1,124,6,105,104.8571 ,102,108,2.4625,0.5000 ,42,95.7733,17.2444 ,107
282.5125,1,126,14,109,108.4878 ,102,116,0.45,0.5000 ,41,94.6467,17.4052 ,108
283.675,0,103,19,105.5,105.7209 ,96,115,1.1625,0.5000 ,43,95.91,17.1312 ,102
284.5,1,116,16,104,104.0000 ,96,112,0.825,0.5000 ,44,95.29,17.1984 ,109
284.8875,0,147,19,105.5,105.2791 ,96,115,0.3875,0.5000 ,43,96.0933,17.0106 ,112
285.15,1,98,19,105.5,105.7209 ,96,115,0.2625,0.5000 ,43,97.5733,16.7096 ,97
285.7,0,134,20,106,105.7674 ,96,116,0.55,0.5000 ,43,95.3633,17.0532 ,115
288.575,0,119,20,106,106.0000 ,96,116,2.875,0.5000 ,42,97.6733,16.6076 ,101
290.1875,0,139,11,101.5,101.0976 ,96,107,1.6125,0.5000 ,41,94.3567,17.1513 ,106
293.8,1,137,5,102.5,102.5000 ,100,105,3.6125,0.5000 ,46,96.6833,16.6980 ,103
294.0125,0,144,9,100.5,100.5000 ,96,105,0.2125,0.5000 ,44,93.4033,17.2454 ,100
295.05,1,108,8,100,99.9070 ,96,104,1.0375,0.5000 ,43,92.8533,17.3098 ,103
295.6625,1,114,18,105,104.5714 ,96,114,0.6125,0.5000 ,42,92.1433,17.4001 ,104
296.45,0,96,23,102.5,102.2195 ,91,114,0.7875,0.5000 ,41,92.5667,17.2796 ,96
299.9375,1,132,1,106.5,106.4884 ,106,107,3.4875,0.5000 ,43,91.01,17.5322 ,106
304,1,137,2,106,105.8571 ,105,107,4.0625,0.5000 ,42,92.2133,17.2612 ,106
304.2375,1,142,4,105,104.8000 ,103,107,0.2375,0.5000 ,40,93.0533,17.0639 ,105
305.6,1,129,5,104.5,104.4444 ,102,107,1.3625,0.5000 ,45,95.42,16.6006 ,103
306.65,0,126,10,109,108.7727 ,104,114,1.05,0.5000 ,44,94.4533,16.7318 ,107
307.3375,0,114,12,108,107.7273 ,102,114,0.6875,0.5000 ,44,94.9167,16.6110 ,112
307.7375,1,139,12,108,108.0000 ,102,114,0.4,0.5000 ,44,97.2433,16.1758 ,108
309.8,0,103,9,105.5,105.7045 ,101,110,2.0625,0.5000 ,44,98.49,15.9332 ,102
314.9875,0,121,4,106,106.0833 ,104,108,5.1875,0.6667 ,48,96.64,16.1999 ,106
315.4875,0,111,10,109,109.3191 ,104,114,0.5,0.6667 ,47,95.0933,16.4269 ,105
318.0625,0,142,6,111,111.2000 ,108,114,2.575,0.6667 ,45,94.34,16.5243 ,108
320.6875,1,129,3,112.5,112.5652 ,111,114,2.625,0.6667 ,46,96.12,16.1880 ,111
321.7375,1,119,4,111,111.1739 ,109,113,1.05,0.5000 ,46,97.75,15.8858 ,111
321.9375,1,144,9,108.5,108.8000 ,104,113,0.2,0.5000 ,45,99.46,15.5781 ,109
322.925,0,116,13,107.5,107.9333 ,101,114,0.9875,0.5000 ,45,99.6033,15.5207 ,113
325.8375,1,134,13,107.5,107.6383 ,101,114,2.9125,0.5000 ,47,100.3367,15.3726 ,106
326.2625,0,101,16,106,106.1778 ,98,114,0.425,0.5000 ,45,98.6633,15.5978 ,101
330.775,1,124,9,109.5,109.6875 ,105,114,4.5125,0.5000 ,48,95.9767,16.0005 ,107
331.125,1,147,9,111.5,111.5957 ,107,116,0.35,0.5000 ,47,94.5867,16.2043 ,114
335.1375,0,132,2,107,106.9796 ,106,108,4.0125,0.5000 ,49,97.37,15.7060 ,107
335.9375,1,137,2,107,106.9583 ,106,108,0.8,0.5000 ,48,98.7567,15.4511 ,107
336.375,0,150,9,102.5,102.5000 ,98,107,0.4375,0.5000 ,46,98.5467,15.4511 ,106
338.6625,1,114,3,106.5,106.4681 ,105,108,2.2875,0.5000 ,47,96.3233,15.7728 ,106
340.6875,1,142,2,105,105.0000 ,104,106,2.025,0.5000 ,46,96.0233,15.7873 ,105
343.15,0,139,3,106.5,106.4348 ,105,108,2.4625,0.5000 ,46,95.42,15.8523 ,106
343.9125,1,126,9,109.5,109.5000 ,105,114,0.7625,0.5000 ,48,95.4533,15.8143 ,107
349.1125,1,124,5,113.5,113.8302 ,111,116,5.2,0.5000 ,53,95.8167,15.7297 ,114
349.4625,1,111,7,112.5,113.0600 ,109,116,0.35,0.5000 ,50,98.72,15.2416 ,111
349.825,1,121,10,114,114.6000 ,109,119,0.3625,0.5000 ,50,100.09,15.0115 ,116
349.85,0,147,12,115,115.8571 ,109,121,0.025,0.5000 ,49,102.7467,14.6058 ,119
351.075,0,132,8,117,117.7059 ,113,121,1.225,0.5000 ,51,104.4367,14.3575 ,114
353.8375,1,134,5,118.5,118.8000 ,116,121,2.7625,0.5000 ,50,105.02,14.2695 ,118
353.9375,1,129,6,118,118.4286 ,115,121,0.1,0.5000 ,49,105.6633,14.1731 ,116
356,0,150,2,115,115.0800 ,114,116,2.0625,0.5000 ,50,104.8467,14.2642 ,115
357.6,1,144,15,108.5,109.1250 ,101,116,1.6,0.6667 ,48,104.9933,14.2155 ,115
359.3875,1,103,15,108.5,108.9787 ,101,116,1.7875,0.6667 ,47,104.1533,14.3012 ,101
359.7625,1,101,18,107,107.3913 ,98,116,0.375,0.5000 ,46,99.2167,14.9817 ,101
360.3875,0,98,20,106,106.0000 ,96,116,0.625,0.5000 ,46,95.0167,15.6115 ,98
363.7125,0,119,2,106,105.9796 ,105,107,3.325,0.5000 ,49,90.2367,16.4044 ,106
364.7625,1,124,9,102.5,102.3125 ,98,107,1.05,0.5000 ,48,92.0033,16.0585 ,106
365.8125,0,106,10,101,100.6809 ,96,106,1.05,0.5000 ,47,93.5933,15.7577 ,98
366.3375,1,116,4,103,102.8261 ,101,105,0.525,0.5000 ,46,93.0867,15.8127 ,105
366.5125,1,108,9,100.5,100.0909 ,96,105,0.175,0.5000 ,44,93.02,15.7972 ,101
367.7875,0,114,10,101,100.3902 ,96,106,1.275,0.5000 ,41,91.6267,16.0098 ,105
370.8875,1,137,7,99.5,99.2558 ,96,103,3.1,0.5000 ,43,93.65,15.6390 ,97
371.775,0,96,12,97,96.5814 ,91,103,0.8875,0.5000 ,43,91.1033,16.0573 ,96
374.425,1,132,5,100.5,100.3404 ,98,103,2.65,0.5000 ,47,89.45,16.3262 ,98
376.4125,0,98,6,100,99.6667 ,97,103,1.9875,0.3333 ,45,87.6567,16.6331 ,98
376.7125,1,126,3,99.5,99.2955 ,98,101,0.3,0.3333 ,44,87.9867,16.5446 ,101
378.475,0,144,6,100,99.7273 ,97,103,1.7625,0.5000 ,44,89.5267,16.2336 ,98
381.6375,1,116,3,101.5,101.4043 ,100,103,3.1625,0.5000 ,47,89.4267,16.2228 ,101
381.775,1,111,6,100,99.7273 ,97,103,0.1375,0.5000 ,44,90.3367,16.0335 ,100
383.5125,1,142,4,98,97.8537 ,96,100,1.7375,0.5000 ,41,90.0933,16.0549 ,97
384.25,1,121,10,101,100.6341 ,96,106,0.7375,0.5000 ,41,89.6033,16.1153 ,100
384.5125,1,139,18,105,104.7692 ,96,114,0.2625,0.5000 ,39,89.4333,16.1148 ,106
385.175,0,147,23,107.5,107.5000 ,96,119,0.6625,0.5000 ,40,91.5233,15.7168 ,114
389.8,0,119,7,110.5,110.7333 ,107,114,4.625,0.5000 ,45,96.8,14.8348 ,108
391.725,1,134,9,111.5,111.8750 ,107,116,1.925,0.5000 ,48,98.82,14.5086 ,112
392.7875,0,150,10,111,111.5556 ,106,116,1.0625,0.5000 ,45,100.5133,14.2413 ,107
398.7375,1,129,7,112.5,112.8723 ,109,116,5.95,0.6667 ,47,98.4267,14.5221 ,109
399.4375,1,111,14,109,109.6087 ,102,116,0.7,0.5000 ,46,98.6733,14.4602 ,109
399.9125,0,147,17,110.5,110.8864 ,102,119,0.475,0.5000 ,44,97.9233,14.5468 ,116
403.7375,1,150,11,107.5,107.8667 ,102,113,3.825,0.5000 ,45,100.7967,14.1060 ,109
406.15,0,103,8,105,104.9070 ,101,109,2.4125,0.5000 ,43,100.5633,14.1124 ,102
407.525,1,139,4,106,106.0444 ,104,108,1.375,0.5000 ,45,98.02,14.4515 ,107
408.2625,0,106,6,104,104.1364 ,101,107,0.7375,0.5000 ,44,95.6967,14.7753 ,104
409.625,1,144,2,105,105.0476 ,104,106,1.3625,0.5000 ,42,94.3067,14.9654 ,105
409.9375,0,119,10,109,109.4545 ,104,114,0.3125,0.5000 ,44,95.09,14.8164 ,106
410.975,1,126,9,109.5,110.0233 ,105,114,1.0375,0.5000 ,43,94.9133,14.8190 ,106
411.125,1,124,10,109,109.8537 ,104,114,0.15,0.5000 ,41,95.4833,14.7056 ,105
411.15,0,142,13,107.5,108.4750 ,101,114,0.025,0.5000 ,40,95.42,14.6893 ,104
414.7875,1,114,4,112,112.1333 ,110,114,3.6375,0.5000 ,45,94.7867,14.7658 ,111
414.8625,0,137,4,112,112.1818 ,110,114,0.075,0.6667 ,44,96.55,14.4750 ,110
416.0375,1,132,12,108,108.2727 ,102,114,1.175,0.5000 ,44,98.0467,14.2289 ,109
419.325,1,103,4,103,103.1333 ,101,105,3.2875,0.3333 ,45,99.3033,14.0247 ,102
419.4875,0,121,4,103,103.0909 ,101,105,0.1625,0.3333 ,44,96.4,14.4223 ,105
419.7875,1,134,13,107.5,107.9535 ,101,114,0.3,0.5000 ,43,95.03,14.6045 ,107
422.5,0,101,9,102.5,102.2245 ,98,107,2.7125,0.2500 ,49,94.7067,14.6302 ,101
423.2875,0,126,9,102.5,102.0408 ,98,107,0.7875,0.3333 ,49,94.1167,14.6979 ,104
423.5125,0,116,5,104.5,104.3469 ,102,107,0.225,0.3333 ,49,93.8567,14.7129 ,106
424.9625,1,139,4,104,103.8667 ,102,106,1.45,0.3333 ,45,93.8033,14.6960 ,104
425.1875,1,114,4,104,103.8667 ,102,106,0.225,0.5000 ,45,94.5467,14.5554 ,106
425.725,0,129,8,102,101.9111 ,98,106,0.5375,0.6667 ,45,95.1533,14.4395 ,102
429.425,1,108,3,102.5,102.3902 ,101,104,3.7,0.5000 ,41,93.88,14.6115 ,101
434.9875,0,150,4,102,102.0465 ,100,104,5.5625,0.5000 ,43,92.8867,14.7442 ,101
437.0375,1,124,3,101.5,101.4286 ,100,103,2.05,0.5000 ,42,91.5067,14.9434 ,101
437.925,0,144,4,101,101.0000 ,99,103,0.8875,0.5000 ,46,91.2367,14.9651 ,100
438.6,1,121,14,107,106.5333 ,100,114,0.675,0.5000 ,45,90.9033,14.9942 ,101
439.2625,0,103,15,106.5,106.1591 ,99,114,0.6625,0.5000 ,44,90.9367,14.9630 ,100
442.9125,0,134,10,106,105.6667 ,101,111,3.65,0.5000 ,45,90.6333,14.9874 ,103
443.4875,0,137,9,105.5,105.6000 ,101,110,0.575,0.6667 ,45,91.6033,14.8035 ,102
445.25,1,111,8,105,105.2667 ,101,109,1.7625,0.6667 ,45,91.9,14.7307 ,104
446.1,1,101,7,104.5,104.5000 ,101,108,0.85,0.6667 ,46,93.0767,14.5202 ,101
446.1625,0,142,10,103,102.8889 ,98,108,0.0625,0.5000 ,45,92.4067,14.6020 ,101
449.825,1,116,12,108,108.1277 ,102,114,3.6625,0.5000 ,47,92.0467,14.6352 ,106
450.7125,0,147,14,109,108.8444 ,102,116,0.8875,0.5000 ,45,92.9033,14.4772 ,114
452.6375,1,144,10,108,108.1064 ,103,113,1.925,0.5000 ,47,97.07,13.8332 ,104
452.9375,0,119,11,106.5,106.3778 ,101,112,0.3,0.5000 ,45,97.4867,13.7512 ,103
455.8625,0,121,13,109.5,109.2045 ,103,116,2.925,0.5000 ,44,96.3133,13.8971 ,105
460.325,1,134,10,111,111.3191 ,106,116,4.4625,0.5000 ,47,93.98,14.2225 ,108
460.725,0,139,12,113,113.1333 ,107,119,0.4,0.5000 ,45,95.31,14.0076 ,116
462.25,1,132,9,114.5,114.8140 ,110,119,1.525,0.6667 ,43,99.4167,13.4166 ,110
462.6625,0,137,2,110,110.0698 ,109,111,0.4125,0.5000 ,43,100.6267,13.2357 ,110
464.475,1,126,12,115,115.1395 ,109,121,1.8125,0.5000 ,43,100.9867,13.1771 ,119
464.85,1,150,23,109.5,110.0476 ,98,121,0.375,0.5000 ,42,102.3667,12.9803 ,109
465.2125,0,98,23,107.5,107.5000 ,96,119,0.3625,0.5000 ,42,101.7333,13.0402 ,98
466.45,0,96,5,93.5,93.2619 ,91,96,1.2375,0.5000 ,42,97.4967,13.6052 ,95
467.9125,1,119,2,93,92.9500 ,92,94,1.4625,0.5000 ,40,90.4967,14.6567 ,93
467.9375,0,132,29,106.5,106.1282 ,92,121,0.025,0.5000 ,39,85.96,15.4055 ,94
470.8875,1,98,30,106,106.0000 ,91,121,2.95,0.5000 ,40,84.8833,15.5760 ,97
470.9125,0,147,33,107.5,107.0769 ,91,124,0.025,0.5000 ,39,85.6433,15.4133 ,121
473.1375,0,106,32,107,106.5897 ,91,123,2.225,0.5000 ,39,94.8133,13.9005 ,102
474.5125,0,101,27,104.5,104.5000 ,91,118,1.375,0.5000 ,42,96.49,13.6376 ,101
479.75,1,124,5,111.5,111.5532 ,109,114,5.2375,0.5000 ,47,96.9367,13.5572 ,110
479.9625,1,114,7,112.5,112.5778 ,109,116,0.2125,0.5000 ,45,94.5067,13.8895 ,114
481.0625,0,142,8,112,112.0889 ,108,116,1.1,0.5000 ,45,98.27,13.3411 ,109
482.4625,1,111,5,110.5,110.6667 ,108,113,1.4,0.5000 ,45,100.2333,13.0619 ,110
483.6,0,121,5,110.5,110.5532 ,108,113,1.1375,0.3333 ,47,100.1467,13.0552 ,113
486.5,1,111,7,111.5,111.6458 ,108,115,2.9,0.5000 ,48,100.0967,13.0452 ,109
486.725,1,129,13,108.5,108.6383 ,102,115,0.225,0.5000 ,47,99.9333,13.0471 ,108
486.775,0,103,17,106.5,106.6889 ,98,115,0.05,0.5000 ,45,99.21,13.1219 ,102
490.15,1,114,7,111.5,111.8889 ,108,115,3.375,0.5000 ,45,95.83,13.5680 ,114
490.4,0,126,8,112,112.2667 ,108,116,0.25,0.5000 ,45,97.76,13.2843 ,115
492.55,1,129,5,110.5,110.6087 ,108,113,2.15,0.5000 ,46,100.0733,12.9598 ,111
493.8375,0,139,7,112.5,112.6591 ,109,116,1.2875,0.5000 ,44,102.28,12.6657 ,113
497.9125,1,116,7,112.5,112.6591 ,109,116,4.075,0.6667 ,44,102.0167,12.6840 ,114
498.8125,1,142,7,112.5,112.8182 ,109,116,0.9,0.6667 ,44,101.87,12.6881 ,109
500.175,0,134,10,114,114.1220 ,109,119,1.3625,0.5000 ,41,101.0433,12.7798 ,116
501.775,0,132,21,108.5,109.0250 ,98,119,1.6,0.5000 ,40,102.1467,12.6236 ,107
503.15,0,101,17,106.5,106.2821 ,98,115,1.375,0.5000 ,39,99.8967,12.8886 ,101
503.5375,1,124,17,106.5,106.2927 ,98,115,0.3875,0.5000 ,41,97.0867,13.2417 ,100
504.675,1,98,24,103,103.3077 ,91,115,1.1375,0.5000 ,39,92.5233,13.8751 ,98
504.8125,1,91,27,101.5,101.5000 ,88,115,0.1375,0.5000 ,38,89.9367,14.2558 ,91
505.1625,0,88,30,100,98.7838 ,85,115,0.35,0.5000 ,37,86.7333,14.7677 ,88
506.275,1,137,13,101.5,100.8500 ,95,108,1.1125,0.5000 ,40,83.0933,15.3957 ,96
507.5125,0,147,15,102.5,101.9512 ,95,110,1.2375,0.5000 ,41,82.97,15.3983 ,108
510.875,0,147,13,105.5,105.6444 ,99,112,3.3625,0.5000 ,45,88.56,14.4051 ,108
514.0125,1,119,2,106,106.0435 ,105,107,3.1375,0.5000 ,46,94.32,13.5056 ,106
514.1,1,144,4,105,105.0909 ,103,107,0.0875,0.5000 ,44,96.8933,13.1278 ,105
514.1625,1,150,5,104.5,104.6190 ,102,107,0.0625,0.5000 ,42,95.96,13.2364 ,103
514.925,0,134,14,111,111.0000 ,104,118,0.7625,0.5000 ,42,94.4533,13.4308 ,107
515.85,0,124,15,111.5,111.8571 ,104,119,0.925,0.5000 ,42,94.9167,13.3498 ,108
518.1125,1,132,11,113.5,114.1395 ,108,119,2.2625,0.6667 ,43,95.91,13.2000 ,108
520.4625,1,126,9,116.5,117.0233 ,112,121,2.35,0.5000 ,43,97.29,13.0077 ,119
524.1875,0,150,7,115.5,115.8723 ,112,119,3.725,0.7500 ,47,101.2267,12.4943 ,112
524.475,0,119,7,115.5,115.7333 ,112,119,0.2875,0.6667 ,45,102.1933,12.3684 ,113
525.0875,1,142,6,115,115.2093 ,112,118,0.6125,0.5000 ,43,103.3967,12.2156 ,113
525.4875,0,144,7,114.5,114.7692 ,111,118,0.4,0.5000 ,39,101.8067,12.3967 ,112
526.5875,1,121,10,116,116.6098 ,111,121,1.1,0.5000 ,41,101.7433,12.3985 ,117
526.95,0,111,19,111.5,112.7179 ,102,121,0.3625,0.5000 ,39,103.11,12.2212 ,111
530.1875,1,129,19,111.5,112.8571 ,102,121,3.2375,0.3333 ,42,102.34,12.3004 ,109
530.5375,1,103,21,110.5,112.3846 ,100,121,0.35,0.5000 ,39,101.2233,12.4225 ,102
530.9,0,139,24,112,113.6216 ,100,124,0.3625,0.5000 ,37,96.67,12.9953 ,121
533.25,0,114,23,112.5,114.8000 ,101,124,2.35,0.5000 ,40,100.3633,12.5074 ,114
538.5,0,137,11,106.5,107.1111 ,101,112,5.25,0.5000 ,45,101.84,12.3088 ,102
540.4375,1,103,5,103.5,103.6087 ,101,106,1.9375,0.5000 ,46,100.87,12.4108 ,102
542.175,0,101,6,101,101.0667 ,98,104,1.7375,0.5000 ,45,95.38,13.1102 ,101
543.5875,0,132,8,102,102.0000 ,98,106,1.4125,0.3333 ,44,91.8067,13.6040 ,102
544.475,1,147,3,101.5,101.5319 ,100,103,0.8875,0.3333 ,47,91.84,13.5831 ,103
544.65,0,139,14,107,107.3182 ,100,114,0.175,0.5000 ,44,92.2033,13.5110 ,103
548.2375,0,119,12,108,108.5217 ,102,114,3.5875,0.5000 ,46,92.7733,13.4101 ,106
549.2,0,114,14,109,109.9545 ,102,116,0.9625,0.5000 ,44,94.0433,13.2124 ,104
549.8125,0,134,8,112,112.7273 ,108,116,0.6125,0.5000 ,44,94.2767,13.1663 ,113
550.75,1,129,12,110,110.9333 ,104,116,0.9375,0.5000 ,45,97.4867,12.7176 ,113
551.975,0,126,12,110,110.5714 ,104,116,1.225,0.3333 ,42,99.6467,12.4269 ,116
552.55,1,108,12,110,110.5714 ,104,116,0.575,0.5000 ,42,103.0767,11.9989 ,105
553.075,1,144,15,108.5,109.2143 ,101,116,0.525,0.5000 ,42,100.31,12.3140 ,104
554.1,1,103,10,103,103.6098 ,98,108,1.025,0.5000 ,41,97.4867,12.6545 ,101
554.4,0,98,12,102,102.3000 ,96,108,0.3,0.5000 ,40,93.2167,13.2183 ,98
555.3,0,121,17,105.5,105.9250 ,97,114,0.9,0.5000 ,40,91.0467,13.5153 ,113
558.3,1,101,18,105,105.9000 ,96,114,3,0.5000 ,40,94.3367,13.0265 ,101
559.4375,0,96,23,102.5,103.0750 ,91,114,1.1375,0.5000 ,40,94.0267,13.0533 ,96
564.5125,0,124,3,104.5,104.4348 ,103,106,5.075,0.5000 ,46,92.81,13.2073 ,105
565.2625,0,150,3,104.5,104.4667 ,103,106,0.75,0.5000 ,45,91.07,13.4423 ,104
566.05,0,142,23,102.5,101.9524 ,91,114,0.7875,0.5000 ,42,92.0867,13.2786 ,104
567.8875,0,98,21,101.5,101.5000 ,91,112,1.8375,0.5000 ,42,94.2167,12.9641 ,92
570.0625,0,116,21,103.5,102.7317 ,93,114,2.175,0.5000 ,41,89.9467,13.5632 ,111
571.8875,0,106,12,108,107.8605 ,102,114,1.825,0.5000 ,43,92.68,13.1462 ,105
574.7,1,111,6,111,111.0000 ,108,114,2.8125,0.5000 ,44,93.14,13.0666 ,109
575.8125,0,137,6,111,111.1364 ,108,114,1.1125,0.5000 ,44,97.8033,12.4297 ,108
577.6,0,119,4,111,110.8605 ,109,113,1.7875,0.5000 ,43,97.05,12.5121 ,111
578.325,0,142,2,111,110.9767 ,110,112,0.725,0.6667 ,43,98.83,12.2730 ,110
579.1375,1,137,5,111.5,111.5556 ,109,114,0.8125,0.5000 ,45,99.1267,12.2232 ,111
579.35,0,144,6,111,111.0698 ,108,114,0.2125,0.5000 ,43,99.97,12.1067 ,109
580.7875,1,111,3,110.5,110.5000 ,109,112,1.4375,0.5000 ,44,99.3333,12.1703 ,111
583.3625,1,150,5,111.5,111.7778 ,109,114,2.575,0.6667 ,45,99.67,12.1165 ,109
583.4125,1,132,11,108.5,109.1395 ,103,114,0.05,0.5000 ,43,99.0633,12.1759 ,109
583.4375,1,126,13,109.5,110.1190 ,103,116,0.025,0.5000 ,42,99.0033,12.1690 ,114
583.85,0,147,16,111,111.7619 ,103,119,0.4125,0.5000 ,42,100.13,12.0197 ,116
585.525,0,114,14,108,108.6667 ,101,115,1.675,0.5000 ,42,102.2967,11.7506 ,114
589.75,0,134,11,106.5,106.6222 ,101,112,4.225,0.5000 ,45,103.58,11.5903 ,108
590.375,0,121,18,110,110.6000 ,101,119,0.625,0.5000 ,45,101.52,11.8122 ,108
593.95,1,139,18,110,110.6000 ,101,119,3.575,0.5000 ,45,99.18,12.0773 ,108
595.7125,0,101,21,108.5,109.7209 ,98,119,1.7625,0.5000 ,43,97.56,12.2635 ,101
597.8625,0,129,21,108.5,109.4545 ,98,119,2.15,0.5000 ,44,95.2267,12.5491 ,103
1.775,0,116,481,318.5,318.5000 ,78,559,0,0.5000 ,4,0,0.0000 ,89
4.6125,0,137,81,106.5,120.0000 ,66,147,2.8375,0.5000 ,9,0,0.0000 ,108
6.7,0,101,74,109,117.5385 ,72,146,2.0875,0.5000 ,13,0,0.0000 ,91
11.1875,1,139,29,93.5,94.2632 ,79,108,4.4875,0.3333 ,19,86.7633,120.5516 ,94
11.3375,0,150,29,93.5,93.5000 ,79,108,0.15,0.3333 ,18,87.7933,109.0108 ,108
13.1,0,147,33,99.5,101.1500 ,83,116,1.7625,0.5000 ,20,88.77,98.8841 ,107
13.3875,0,129,33,99.5,101.3333 ,83,116,0.2875,0.5000 ,18,93.4467,87.2258 ,84
17.025,0,93,25,103.5,105.1304 ,91,116,3.6375,0.5000 ,23,89.26,85.3771 ,93
18.2,0,144,27,102.5,105.2000 ,89,116,1.175,0.5000 ,25,85.09,84.4045 ,92
18.5625,0,119,27,102.5,105.4348 ,89,116,0.3625,0.5000 ,23,81.2467,83.8243 ,90
20.4625,1,114,7,112.5,113.0385 ,109,116,1.9,0.5000 ,26,82.71,78.2631 ,114
21.9375,0,121,8,117,117.9231 ,113,121,1.475,0.5000 ,26,89.84,68.7365 ,116
22.4875,1,142,10,116,117.2963 ,111,121,0.55,0.5000 ,27,97.1667,60.8818 ,115
22.5875,1,111,13,114.5,115.7037 ,108,121,0.1,0.5000 ,27,103.9133,54.7360 ,111
23.75,0,108,36,101,103.5714 ,83,119,1.1625,0.5000 ,28,102.82,53.5352 ,108
25.075,0,98,34,102,104.9310 ,85,119,1.325,0.6667 ,29,100.35,53.1627 ,85
27.6625,0,126,5,111.5,112.0882 ,109,114,2.5875,0.5000 ,34,90.7033,56.9979 ,112
28.2125,0,124,3,112.5,112.8529 ,111,114,0.55,0.5000 ,34,91.9933,54.5549 ,112
29.2,0,132,9,109.5,110.0000 ,105,114,0.9875,0.5000 ,36,93.8833,52.0076 ,113
32.2,1,121,4,107,106.9535 ,105,109,3,0.3333 ,43,101.5067,46.8995 ,109
33.15,1,106,5,106.5,106.3810 ,104,109,0.95,0.3333 ,42,100.4733,46.2611 ,105
34.6125,0,147,6,106,106.0000 ,103,109,1.4625,0.3333 ,40,98.21,46.2629 ,109
35.1125,0,114,6,108,108.0000 ,105,111,0.5,0.5000 ,38,97.2633,45.6862 ,110
36.55,1,119,8,107,107.0000 ,103,111,1.4375,0.5000 ,40,97.7167,44.5262 ,110
36.65,1,134,11,108.5,108.6410 ,103,114,0.1,0.5000 ,39,99.0967,43.0134 ,111
38.1625,1,137,13,109.5,109.5000 ,103,116,1.5125,0.5000 ,38,99.7,41.9120 ,114
38.7625,0,103,25,103.5,104.1944 ,91,116,0.6,0.5000 ,36,101,40.6338 ,103
42.225,0,126,10,108,108.6098 ,103,113,3.4625,0.5000 ,41,98.5033,40.9081 ,109
43.8875,1,124,5,105.5,105.8205 ,103,108,1.6625,0.5000 ,39,98.0133,40.4136 ,106
44.475,0,132,9,111.5,111.9737 ,107,116,0.5875,0.5000 ,38,95.8433,40.6144 ,108
48.3625,1,111,5,110.5,110.6136 ,108,113,3.8875,0.5000 ,44,97.23,39.3710 ,111
49.35,1,116,6,106,106.0698 ,103,109,0.9875,0.5000 ,43,98.02,38.4519 ,108
50.0625,1,103,7,103.5,103.6667 ,100,107,0.7125,0.5000 ,42,98.46,37.7273 ,103
51.05,0,101,9,101.5,101.3902 ,97,106,0.9875,0.5000 ,41,96.7033,37.8957 ,100
56.1125,0,129,2,99,98.9767 ,98,100,5.0625,0.5000 ,43,93.3933,38.7523 ,99
56.3,1,144,17,105.5,105.0952 ,97,114,0.1875,0.5000 ,42,90.81,39.3116 ,99
57,0,150,19,106.5,106.5000 ,97,116,0.7,0.5000 ,40,89.7,39.2612 ,114
57.5125,0,139,8,101,100.7073 ,97,105,0.5125,0.5000 ,41,94.43,36.8487 ,104
58.4,0,108,8,101,100.5122 ,97,105,0.8875,0.5000 ,41,95.5967,35.9756 ,103
59.15,1,106,11,102.5,102.0976 ,97,108,0.75,0.5000 ,41,96.3133,35.2882 ,98
60.1,0,98,15,100.5,100.1250 ,93,108,0.95,0.5000 ,40,91.6467,36.6764 ,97
60.2125,1,142,15,100.5,100.1250 ,93,108,0.1125,0.5000 ,40,89.5433,37.1329 ,94
60.8875,0,150,18,102,101.5500 ,93,111,0.675,0.5000 ,40,86.8933,37.8484 ,108
62.1625,0,132,18,102,102.4737 ,93,111,1.275,0.5000 ,38,90.39,35.9895 ,94
67.8625,1,129,5,100.5,100.4419 ,98,103,5.7,0.5000 ,43,89.1133,36.1326 ,99
68.3125,1,114,6,101,100.8571 ,98,104,0.45,0.5000 ,42,90.36,35.2744 ,103
68.6625,1,144,10,98,97.8780 ,93,103,0.35,0.5000 ,41,89.4133,35.3206 ,98
70.5875,1,137,15,103.5,104.0233 ,96,111,1.925,0.5000 ,43,90.2967,34.6163 ,103
70.9,0,139,19,106.5,107.1951 ,97,116,0.3125,0.5000 ,41,91.5433,33.7909 ,111
71.9375,0,126,19,106.5,107.2308 ,97,116,1.0375,0.5000 ,39,94.36,32.4491 ,104
74.8625,0,142,2,115,115.1111 ,114,116,2.925,0.5000 ,45,95.7767,31.6560 ,115
75.775,1,124,5,113.5,113.7778 ,111,116,0.9125,0.5000 ,45,99.5033,30.1741 ,115
78.475,1,147,6,116,116.3333 ,113,119,2.7,0.5000 ,45,100.9133,29.4762 ,116
79.4375,1,119,3,112.5,112.6667 ,111,114,0.9625,0.6667 ,45,104.2167,28.2728 ,113
79.85,1,116,3,112.5,112.6744 ,111,114,0.4125,0.6667 ,43,103.5167,28.2006 ,111
81.6,0,111,6,111,111.2093 ,108,114,1.75,0.5000 ,43,102.22,28.2977 ,111
84.0375,1,121,6,111,111.0000 ,108,114,2.4375,0.5000 ,42,100.81,28.4362 ,113
84.1625,0,108,11,108.5,108.6341 ,103,114,0.125,0.6667 ,41,100.9367,28.1514 ,108
87.55,1,106,4,105,105.0465 ,103,107,3.3875,0.5000 ,43,99.87,28.2148 ,105
88.0875,0,103,8,101,101.0000 ,97,105,0.5375,0.5000 ,42,97.91,28.5619 ,103
88.9125,1,134,6,103,102.9231 ,100,106,0.825,0.5000 ,39,94.9933,29.2094 ,104
90.5125,0,101,6,100,99.8636 ,97,103,1.6,0.3333 ,44,93.9167,29.3342 ,100
91.6125,1,132,2,99,98.9778 ,98,100,1.1,0.5000 ,45,92.3433,29.6307 ,99
92.55,1,139,3,99.5,99.5000 ,98,101,0.9375,0.5000 ,44,91.08,29.8360 ,100
92.825,0,116,10,103,103.0000 ,98,108,0.275,0.5000 ,42,90.0333,29.9602 ,101
95.4125,0,119,7,104.5,104.5854 ,101,108,2.5875,0.5000 ,41,90.3967,29.6171 ,103
96.425,1,142,5,105.5,105.5000 ,103,108,1.0125,0.5000 ,40,91.6333,29.0001 ,104
97.7875,1,103,11,102.5,102.5000 ,97,108,1.3625,0.5000 ,40,92.8367,28.4242 ,103
98.775,1,147,17,105.5,105.0526 ,97,114,0.9875,0.5000 ,38,93.3433,28.0667 ,108
101.525,0,98,9,99.5,99.5000 ,95,104,2.75,0.5000 ,42,94.98,27.4100 ,97
107.825,1,144,2,96,95.9778 ,95,97,6.3,0.5000 ,45,92.5433,27.9809 ,96
108.4875,1,124,4,95,95.0000 ,93,97,0.6625,0.3333 ,42,90.26,28.5441 ,95
108.825,1,93,3,93.5,93.4634 ,92,95,0.3375,0.5000 ,41,86.6567,29.5959 ,93
109.4125,1,134,5,93.5,93.5000 ,91,96,0.5875,0.5000 ,38,85.42,29.8882 ,95
109.875,1,137,23,102.5,102.7949 ,91,114,0.4625,0.6667 ,39,85.2167,29.7659 ,96
110.1625,0,91,23,102.5,102.8108 ,91,114,0.2875,0.6667 ,37,85.61,29.4400 ,91
110.8625,1,121,20,101,100.0000 ,91,111,0.7,0.3333 ,40,84.7833,29.5513 ,111
110.875,0,150,23,102.5,101.6154 ,91,114,0.0125,0.5000 ,39,90.22,27.6016 ,111
111.525,0,101,31,100.5,99.2432 ,85,116,0.65,0.5000 ,37,94.87,26.1006 ,89
113.0875,0,129,31,100.5,99.6389 ,85,116,1.5625,0.5000 ,36,92.9367,26.4930 ,86
113.85,0,108,23,104.5,104.1892 ,93,116,0.7625,0.5000 ,37,85.3367,28.6753 ,108
118.0875,1,111,2,103,102.9302 ,102,104,4.2375,0.3333 ,43,85.83,28.3407 ,103
118.525,1,106,11,98.5,98.0976 ,93,104,0.4375,0.3333 ,41,89.9533,26.9017 ,102
118.8375,1,114,11,98.5,98.0769 ,93,104,0.3125,0.3333 ,39,94.06,25.5954 ,104
119.875,0,126,15,100.5,100.2973 ,93,108,1.0375,0.5000 ,37,93.0767,25.7249 ,104
124.2625,1,98,6,96,95.7907 ,93,99,4.3875,0.5000 ,43,93.4067,25.5178 ,96
125.8125,1,126,8,97,96.6190 ,93,101,1.55,0.5000 ,42,91.28,25.9900 ,99
126.6,1,147,10,98,97.6341 ,93,103,0.7875,0.5000 ,41,89.88,26.2668 ,101
127.2125,1,134,14,101,100.8293 ,94,108,0.6125,0.5000 ,41,89.2867,26.3009 ,103
127.4,1,129,15,100.5,100.5000 ,93,108,0.1875,0.5000 ,40,91.3633,25.5691 ,94
128.5,1,93,17,99.5,99.0526 ,91,108,1.1,0.5000 ,38,89.5033,25.9712 ,93
129,0,121,23,102.5,101.8947 ,91,114,0.5,0.5000 ,38,87.01,26.5746 ,108
130.275,0,142,5,110.5,110.6829 ,108,113,1.275,0.5000 ,41,89.28,25.7619 ,109
131.275,0,150,8,112,112.2000 ,108,116,1,0.5000 ,40,93.8433,24.3844 ,111
134.3125,1,144,4,110,110.0465 ,108,112,3.0375,0.5000 ,43,98.86,23.0260 ,111
134.6875,1,114,5,110.5,110.5000 ,108,113,0.375,0.5000 ,42,99.73,22.7077 ,112
134.8125,1,108,9,108.5,108.6098 ,104,113,0.125,0.5000 ,41,100.6033,22.3937 ,108
135.5875,0,116,10,108,108.0000 ,103,113,0.775,0.5000 ,40,99.57,22.5094 ,104
135.9625,0,137,11,108.5,108.7895 ,103,114,0.375,0.5000 ,38,97.3067,22.9160 ,112
139.2875,1,124,2,104,103.9048 ,103,105,3.325,0.5000 ,42,97.6933,22.7119 ,104
139.4125,1,103,5,102.5,102.3171 ,100,105,0.125,0.5000 ,41,96.3467,22.9188 ,103
140.375,0,101,11,98.5,98.2250 ,93,104,0.9625,0.5000 ,40,95.7733,22.9590 ,100
143.35,1,119,2,101,101.0000 ,100,102,2.975,0.5000 ,42,92.3133,23.7105 ,101
144.65,1,139,2,102,101.9767 ,101,103,1.3,0.5000 ,43,91.4767,23.8164 ,102
145.5625,0,132,18,102,101.5714 ,93,111,0.9125,0.5000 ,42,91.3,23.7537 ,101
149.6125,0,111,18,102,101.3415 ,93,111,4.05,0.5000 ,41,91.5367,23.5859 ,97
153.8375,0,150,10,103,102.4186 ,98,108,4.225,0.5000 ,43,90.1733,23.8335 ,104
154.8875,0,114,13,104.5,104.0465 ,98,111,1.05,0.5000 ,43,91.0367,23.4984 ,110
158.6625,0,142,6,108,107.8636 ,105,111,3.775,0.5000 ,44,94.0567,22.6388 ,106
160.425,1,132,6,108,108.1429 ,105,111,1.7625,0.5000 ,42,96.4133,21.9844 ,107
161.2625,0,106,9,101.5,101.3902 ,97,106,0.8375,0.5000 ,41,97.1667,21.7204 ,105
162.525,1,103,7,102.5,102.7692 ,99,106,1.2625,0.5000 ,39,95.72,21.9523 ,103
162.9875,0,121,12,105,105.1463 ,99,111,0.4625,0.5000 ,41,94.7233,22.0844 ,106
165.8125,1,108,2,105,105.0435 ,104,106,2.825,0.5000 ,46,94.5833,22.0195 ,105
165.8875,1,116,5,103.5,103.6667 ,101,106,0.075,0.5000 ,45,94.61,21.9182 ,104
166.9125,0,119,3,100.5,100.5333 ,99,102,1.025,0.5000 ,45,94.7867,21.7896 ,101
169.2875,1,147,2,100,100.0667 ,99,101,2.375,0.5000 ,45,93.2167,22.0698 ,100
169.45,0,129,11,105.5,105.8837 ,100,111,0.1625,0.5000 ,43,91.7133,22.3355 ,101
169.6375,1,144,12,105,105.7317 ,99,111,0.1875,0.5000 ,41,90.9367,22.4307 ,101
169.875,0,111,14,104,104.7000 ,97,111,0.2375,0.5000 ,40,90.9667,22.3295 ,99
171.0875,0,137,14,104,104.3500 ,97,111,1.2125,0.5000 ,40,90.57,22.3345 ,110
177.4625,0,126,3,103.5,103.5000 ,102,105,6.375,0.3333 ,48,93.6367,21.5152 ,105
178.3125,1,134,2,104,103.9565 ,103,105,0.85,0.3333 ,46,94.73,21.1807 ,104
179.1,0,106,4,102,102.0000 ,100,104,0.7875,0.5000 ,44,95.8667,20.8481 ,103
180.2375,1,139,3,102.5,102.4318 ,101,104,1.1375,0.5000 ,44,93.8833,21.2056 ,103
181.2875,1,124,1,103.5,103.5000 ,103,104,1.05,0.3333 ,44,93.3133,21.2511 ,104
181.3875,0,111,12,105,105.0000 ,99,111,0.1,0.5000 ,42,93.3767,21.1525 ,104
184.275,1,142,12,105,104.8605 ,99,111,2.8875,0.5000 ,43,93.6767,21.0020 ,101
184.9875,0,114,15,106.5,106.3171 ,99,114,0.7125,0.5000 ,41,92.9467,21.0841 ,111
186.15,1,129,7,101.5,101.5000 ,98,105,1.1625,0.5000 ,42,95.38,20.4708 ,100
186.3625,1,101,8,101,100.8974 ,97,105,0.2125,0.5000 ,39,93.9033,20.7183 ,98
186.5,0,108,17,105.5,104.8462 ,97,114,0.1375,0.5000 ,39,92.6367,20.9216 ,105
186.775,1,121,17,105.5,105.0750 ,97,114,0.275,0.5000 ,40,91.4,21.1244 ,113
188.9875,1,98,13,99.5,99.3415 ,93,106,2.2125,0.5000 ,41,95.6267,20.1237 ,97
190.275,0,93,11,96.5,96.2250 ,91,102,1.2875,0.5000 ,40,94.5833,20.2891 ,93
192.375,1,106,7,94.5,94.1667 ,91,98,2.1,0.3333 ,42,90.61,21.1295 ,94
193.1125,1,103,7,94.5,94.0732 ,91,98,0.7375,0.3333 ,41,85.4233,22.3609 ,98
193.925,0,91,13,91.5,91.0000 ,85,98,0.8125,0.5000 ,39,85.9767,22.1838 ,91
194.2125,0,119,13,91.5,90.9730 ,85,98,0.2875,0.5000 ,37,85.1133,22.3753 ,86
194.975,1,98,13,91.5,91.0000 ,85,98,0.7625,0.5000 ,39,82.4267,23.0696 ,93
196,0,85,11,88.5,87.7949 ,83,94,1.025,0.5000 ,39,81.37,23.3570 ,85
198.8125,0,150,2,90,89.8947 ,89,91,2.8125,0.3333 ,38,79.4533,23.8910 ,91
200.85,1,116,3,90.5,90.1842 ,89,92,2.0375,0.3333 ,38,80.9433,23.4199 ,92
203.0375,0,144,3,91.5,91.3077 ,90,93,2.1875,0.3333 ,39,80.9167,23.3887 ,92
205.3375,1,124,8,89,88.6923 ,85,93,2.3,0.5000 ,39,82.8367,22.8257 ,92
206.775,0,134,19,94.5,94.2564 ,85,104,1.4375,0.5000 ,39,83.1067,22.6976 ,93
207.75,1,139,19,94.5,93.7692 ,85,104,0.975,0.5000 ,39,83.44,22.5559 ,103
210.4625,1,126,16,103,102.2000 ,95,111,2.7125,0.5000 ,40,87.0733,21.5424 ,104
211.175,0,147,18,105,104.5500 ,96,114,0.7125,0.5000 ,40,90.6767,20.6163 ,111
213.1,0,132,16,103,102.3846 ,95,111,1.925,0.5000 ,39,96.01,19.4066 ,97
215.075,0,114,24,99,98.6923 ,87,111,1.975,0.5000 ,39,93.7133,19.8227 ,108
215.8875,0,111,22,99,99.0000 ,88,110,0.8125,0.5000 ,40,95.07,19.4810 ,89
219.0375,0,132,5,100.5,100.3256 ,98,103,3.15,0.5000 ,43,88.2567,20.9195 ,101
219.175,0,108,5,100.5,100.2619 ,98,103,0.1375,0.5000 ,42,89.5267,20.5590 ,102
219.975,0,139,23,96.5,95.6585 ,85,108,0.8,0.5000 ,41,88.33,20.7855 ,101
222.175,0,101,24,99,98.3684 ,87,111,2.2,0.5000 ,38,91.5367,19.9998 ,99
223.4125,1,137,24,99,98.0270 ,87,111,1.2375,0.5000 ,37,90.84,20.0965 ,103
224.425,0,150,25,101.5,100.4865 ,89,114,1.0125,0.5000 ,37,91.3033,19.9337 ,111
225.775,0,147,24,102,101.3684 ,90,114,1.35,0.5000 ,38,94.63,19.1736 ,113
228.3625,1,106,19,104.5,105.1951 ,95,114,2.5875,0.5000 ,41,98.7767,18.3110 ,103
228.85,0,134,26,108,109.0000 ,95,121,0.4875,0.6667 ,39,98.2033,18.3640 ,114
230.05,0,144,17,110.5,110.5000 ,102,119,1.2,0.5000 ,40,99.41,18.0910 ,103
232.3,1,129,4,107,107.0000 ,105,109,2.25,0.6667 ,42,96.3433,18.6103 ,106
232.3375,0,126,12,111,110.8537 ,105,117,0.0375,0.6667 ,41,97.0133,18.4321 ,109
233.9375,0,121,9,114.5,114.8293 ,110,119,1.6,0.5000 ,41,95.9433,18.5996 ,115
234.65,1,124,5,113.5,113.7500 ,111,116,0.7125,0.5000 ,40,99.6533,17.8671 ,112
234.7875,0,119,9,111.5,112.0488 ,107,116,0.1375,0.5000 ,41,101.2633,17.5392 ,111
236.75,1,137,5,113.5,113.6744 ,111,116,1.9625,0.5000 ,43,101.65,17.4335 ,112
238.575,1,142,6,113,113.2093 ,110,116,1.825,0.5000 ,43,100.8733,17.5273 ,111
240.15,1,116,13,109.5,110.1842 ,103,116,1.575,0.5000 ,38,100.57,17.5329 ,110
243.175,1,129,4,117,117.1905 ,115,119,3.025,0.5000 ,42,100.2067,17.5700 ,116
244.6,0,124,4,119,119.2439 ,117,121,1.425,0.5000 ,41,101.6367,17.3057 ,119
246.625,0,142,7,117.5,117.9070 ,114,121,2.025,0.5000 ,43,104.1667,16.8627 ,119
247,1,139,6,118,118.2093 ,115,121,0.375,0.5000 ,43,106.6867,16.4433 ,120
250.7,1,132,5,116.5,116.6744 ,114,119,3.7,0.5000 ,43,107.83,16.2424 ,115
253.0625,1,114,12,109,109.1333 ,103,115,2.3625,0.5000 ,45,106.4633,16.4062 ,114
253.075,0,150,14,110,110.1628 ,103,117,0.0125,0.5000 ,43,104.9,16.6071 ,115
253.425,0,137,13,109.5,109.8095 ,103,116,0.35,0.5000 ,42,103.5833,16.7739 ,108
254.925,0,98,20,103,102.7561 ,93,113,1.5,0.5000 ,41,101.28,17.1081 ,97
256.425,1,103,11,98.5,98.1163 ,93,104,1.5,0.5000 ,43,95.7833,18.0479 ,103
256.7875,0,93,12,97,96.5610 ,91,103,0.3625,0.5000 ,41,92.5933,18.6306 ,93
257.6,0,106,9,95.5,95.1707 ,91,100,0.8125,0.5000 ,41,88.09,19.5470 ,98
260.075,0,116,7,94.5,94.1500 ,91,98,2.475,0.5000 ,40,88.3767,19.4515 ,97
261.9875,1,121,1,94.5,94.4318 ,94,95,1.9125,0.2500 ,44,86.8433,19.7614 ,95
262.0125,1,119,4,93,92.7674 ,91,95,0.025,0.3333 ,43,87.2267,19.6480 ,95
263.8,1,147,7,94.5,94.0732 ,91,98,1.7875,0.5000 ,41,86.3567,19.8137 ,95
265.2125,0,134,11,97.5,97.0976 ,92,103,1.4125,0.5000 ,41,85.8167,19.8957 ,98
266.8375,0,101,8,99,99.0000 ,95,103,1.625,0.5000 ,40,86.8167,19.6199 ,96
267.575,1,144,12,97,96.7000 ,91,103,0.7375,0.5000 ,40,87.05,19.5269 ,96
267.65,0,108,25,103.5,102.5385 ,91,116,0.075,0.5000 ,39,87.26,19.4292 ,103
271.025,1,111,11,96.5,96.2381 ,91,102,3.375,0.5000 ,42,89.0533,19.0003 ,95
272.7,1,126,25,103.5,102.8750 ,91,116,1.675,0.6667 ,40,88.4867,19.0725 ,102
273.8875,1,91,25,103.5,103.5000 ,91,116,1.1875,0.6667 ,38,90.31,18.6389 ,91
274.6625,1,137,34,102,101.5405 ,85,119,0.775,0.5000 ,37,86.5833,19.3925 ,116
276.25,1,121,7,117.5,117.5000 ,114,121,1.5875,0.5000 ,34,93.5067,17.9373 ,119
276.3625,0,114,33,104.5,105.0000 ,88,121,0.1125,0.5000 ,33,99.0367,16.8922 ,114
277.6125,0,150,36,103,103.0000 ,85,121,1.25,0.5000 ,34,105.02,15.8895 ,111
281.3375,0,129,14,104,104.2000 ,97,111,3.725,0.5000 ,35,103.33,16.1084 ,98
285.825,1,142,1,107.5,107.4667 ,107,108,4.4875,0.2000 ,45,96.7467,17.1622 ,108
286.1,1,124,1,107.5,107.4651 ,107,108,0.275,0.3333 ,43,95.37,17.3674 ,108
286.725,0,111,7,105.5,105.5000 ,102,109,0.625,0.5000 ,42,94.86,17.4171 ,108
289.5875,1,144,3,104.5,104.4318 ,103,106,2.8625,0.5000 ,44,97.56,16.8929 ,105
290.9875,1,116,2,104,103.9333 ,103,105,1.4,0.6667 ,45,96.56,17.0257 ,103
291.5125,0,103,2,103,102.9565 ,102,104,0.525,0.5000 ,46,94.9933,17.2643 ,103
292.6,1,119,2,103,102.9524 ,102,104,1.0875,0.5000 ,42,93.5833,17.4819 ,103
292.7,0,106,5,102.5,102.4390 ,100,105,0.1,0.5000 ,41,93.0433,17.5413 ,102
293.9125,1,147,11,105.5,105.6279 ,100,111,1.2125,0.5000 ,43,92.71,17.5617 ,103
296.5375,1,101,8,101,101.0976 ,97,105,2.625,0.5000 ,41,92.7433,17.5150 ,100
296.9875,0,108,14,104,104.0000 ,97,111,0.45,0.5000 ,40,91.7733,17.6576 ,105
298.0125,0,132,13,103.5,103.8095 ,97,110,1.025,0.5000 ,42,92.81,17.4187 ,98
299.8,1,126,13,103.5,103.2045 ,97,110,1.7875,0.5000 ,44,91.1667,17.6908 ,99
302.5875,1,98,5,95.5,95.4444 ,93,98,2.7875,0.5000 ,45,90.75,17.7436 ,97
303.625,0,134,6,97,96.7391 ,94,100,1.0375,0.5000 ,46,88.4933,18.1634 ,98
304.1,1,142,7,96.5,96.0930 ,93,100,0.475,0.5000 ,43,88.4967,18.1320 ,95
305.5625,1,93,7,94.5,94.0227 ,91,98,1.4625,0.3333 ,44,87.2567,18.3651 ,93
308.2875,1,139,7,94.5,94.0227 ,91,98,2.725,0.3333 ,44,85.96,18.6173 ,98
308.95,1,150,8,95,94.6000 ,91,99,0.6625,0.5000 ,40,86.2167,18.5351 ,98
309.1125,1,114,20,101,100.0000 ,91,111,0.1625,0.5000 ,40,87.1767,18.2919 ,99
311.8875,0,121,10,109,108.8837 ,104,114,2.775,0.5000 ,43,88.86,17.9075 ,111
315.4,1,124,3,112.5,112.6957 ,111,114,3.5125,0.5000 ,46,93.16,17.0524 ,112
315.45,1,134,5,113.5,113.7778 ,111,116,0.05,0.5000 ,45,97.3633,16.2918 ,114
316.025,1,111,4,110,110.1818 ,108,112,0.575,0.5000 ,44,101.57,15.5862 ,111
316.4125,1,139,8,112,112.2791 ,108,116,0.3875,0.5000 ,43,101.44,15.5794 ,112
317.5,1,108,3,108.5,108.5349 ,107,110,1.0875,0.5000 ,43,101.4133,15.5507 ,108
317.7625,0,116,7,106.5,106.5854 ,103,110,0.2625,0.5000 ,41,99.57,15.8038 ,107
321.4625,1,132,3,106.5,106.5682 ,105,108,3.7,0.5000 ,44,98.3067,15.9718 ,106
327.6625,0,129,3,108.5,108.5682 ,107,110,6.2,0.5000 ,44,96.5933,16.2214 ,108
327.85,0,106,6,106,106.0667 ,103,109,0.1875,0.5000 ,45,96.69,16.1698 ,105
328.975,0,126,4,105,104.9556 ,103,107,1.125,0.5000 ,45,96.02,16.2469 ,106
330.575,0,144,4,105,104.9556 ,103,107,1.6,0.5000 ,45,95.9933,16.2159 ,105
331.9875,1,147,4,105,104.8723 ,103,107,1.4125,0.5000 ,47,95.15,16.3240 ,105
332.5375,0,108,5,105.5,105.3333 ,103,108,0.55,0.3333 ,45,95.12,16.2939 ,107
333.7625,1,119,4,105,105.0000 ,103,107,1.225,0.5000 ,46,95.5167,16.1912 ,106
336.7,1,103,8,104,104.0000 ,100,108,2.9375,0.5000 ,44,95.7833,16.1115 ,103
337.525,0,101,12,99,98.7143 ,93,105,0.825,0.5000 ,42,95.0233,16.2107 ,100
339.5125,1,129,11,102.5,102.5000 ,97,108,1.9875,0.5000 ,44,92.8533,16.5549 ,100
340.8875,1,98,12,99,98.8605 ,93,105,1.375,0.5000 ,43,91.1433,16.8347 ,97
341.4125,1,137,15,100.5,100.5000 ,93,108,0.525,0.5000 ,40,89.3333,17.1420 ,105
342.925,0,93,17,99.5,98.6500 ,91,108,1.5125,0.5000 ,40,91.1,16.7795 ,93
348.1875,1,111,3,98.5,98.4348 ,97,100,5.2625,0.6667 ,46,88.69,17.2050 ,98
348.275,1,147,4,99,98.8667 ,97,101,0.0875,0.6667 ,45,88.9167,17.1303 ,100
348.4875,0,137,9,103.5,103.4000 ,99,108,0.2125,0.5000 ,45,87.8433,17.3037 ,101
349.3625,1,116,8,104,103.9111 ,100,108,0.875,0.6667 ,45,90.1267,16.8305 ,100
349.8375,1,150,14,107,106.8444 ,100,114,0.475,0.6667 ,45,90.6333,16.7028 ,108
350.1,0,101,14,107,107.0000 ,100,114,0.2625,0.6667 ,44,93.27,16.1983 ,100
352.2875,0,124,10,106,105.6512 ,101,111,2.1875,0.5000 ,43,92.7333,16.2589 ,102
352.5375,0,121,11,106.5,106.0976 ,101,112,0.25,0.5000 ,41,93.16,16.1519 ,110
353.2375,0,126,13,107.5,107.0000 ,101,114,0.7,0.5000 ,39,94.2667,15.9308 ,111
354.0375,0,106,29,99.5,97.8889 ,85,114,0.8,0.5000 ,36,97.54,15.3711 ,103
355.8125,0,139,22,105,105.6111 ,94,116,1.775,0.5000 ,36,97.3333,15.3730 ,112
357.675,0,132,13,101.5,101.5000 ,95,108,1.8625,0.5000 ,40,98.2033,15.2075 ,96
359.0875,1,144,15,100.5,100.6829 ,93,108,1.4125,0.5000 ,41,93.41,15.9581 ,97
359.925,1,114,18,102,101.5263 ,93,111,0.8375,0.5000 ,38,91.3733,16.2826 ,108
360,0,93,20,101,100.7297 ,91,111,0.075,0.5000 ,37,91.02,16.3155 ,93
361.85,0,134,14,100,100.0000 ,93,107,1.85,0.3333 ,38,89.59,16.5462 ,107
361.9,0,142,16,99,99.0000 ,91,107,0.05,0.5000 ,36,92.7267,15.9593 ,94
363.3375,1,132,4,105,105.0000 ,103,107,1.4375,0.5000 ,38,88.5433,16.6807 ,105
367.1875,1,150,1,106.5,106.5333 ,106,107,3.85,0.3333 ,45,92.09,16.0076 ,107
367.2,1,137,2,107,107.0909 ,106,108,0.0125,0.5000 ,44,92.5467,15.8988 ,107
369.2625,0,144,8,107,107.1818 ,103,111,2.0625,0.5000 ,44,96.1167,15.2797 ,108
370.1125,1,119,3,104.5,104.5000 ,103,106,0.85,0.5000 ,44,96.99,15.1130 ,105
371.05,1,116,8,101,101.0000 ,97,105,0.9375,0.5000 ,40,96.29,15.1953 ,103
372.5,0,98,11,96.5,96.2250 ,91,102,1.45,0.5000 ,40,94.9933,15.3824 ,97
372.5875,0,126,14,98,97.4615 ,91,105,0.0875,0.5000 ,39,91.5833,15.9316 ,101
374.025,0,103,20,101,99.9474 ,91,111,1.4375,0.5000 ,38,90.5767,16.0809 ,102
375.7,0,121,20,101,100.0000 ,91,111,1.675,0.5000 ,40,90.49,16.0686 ,102
378.45,0,114,15,103.5,102.5854 ,96,111,2.75,0.5000 ,41,91.87,15.7979 ,109
380.6125,1,147,2,110,110.0000 ,109,111,2.1625,0.5000 ,44,94.4733,15.3382 ,110
380.9625,1,134,5,111.5,111.5581 ,109,114,0.35,0.5000 ,43,96.9067,14.9320 ,111
381.6,0,111,6,111,111.0000 ,108,114,0.6375,0.5000 ,42,99.43,14.5317 ,109
382.6125,0,139,6,111,110.8636 ,108,114,1.0125,0.5000 ,44,99.3333,14.5242 ,111
386.2625,1,129,6,111,110.9333 ,108,114,3.65,0.5000 ,45,99.67,14.4539 ,112
386.4375,0,108,18,105,104.7907 ,96,114,0.175,0.5000 ,43,100.0633,14.3706 ,108
390.1375,0,142,15,106.5,106.5000 ,99,114,3.7,0.5000 ,42,99.57,14.4159 ,100
394.725,0,124,3,106.5,106.4348 ,105,108,4.5875,0.5000 ,46,95.9733,14.9293 ,107
396,1,121,4,107,106.9091 ,105,109,1.275,0.5000 ,44,94.8267,15.0831 ,107
396.475,0,139,9,109.5,109.3953 ,105,114,0.475,0.5000 ,43,94.7667,15.0686 ,109
398.175,1,129,3,106.5,106.4348 ,105,108,1.7,0.5000 ,46,97.3233,14.6467 ,106
399.375,1,106,4,106,106.0000 ,104,108,1.2,0.5000 ,44,96.9233,14.6810 ,105
399.775,0,116,8,104,104.0930 ,100,108,0.4,0.5000 ,43,96.23,14.7603 ,104
401.5625,1,106,3,101.5,101.4000 ,100,103,1.7875,0.5000 ,45,94.7867,14.9595 ,102
403.225,1,101,4,99,98.9556 ,97,101,1.6625,0.5000 ,45,93.55,15.1343 ,100
403.4625,1,126,10,102,101.8837 ,97,107,0.2375,0.5000 ,43,92.0133,15.3607 ,101
405.2125,0,98,10,98,97.8780 ,93,103,1.75,0.3333 ,41,91.2067,15.4751 ,97
406.0875,1,147,8,99,98.9070 ,95,103,0.875,0.3333 ,43,89.6333,15.7232 ,102
406.15,1,108,7,99.5,99.5000 ,96,103,0.0625,0.3333 ,42,90.37,15.5709 ,103
409.8375,0,124,5,101.5,101.4444 ,99,104,3.6875,0.5000 ,45,91.1233,15.4164 ,103
410.7125,0,114,5,101.5,101.3864 ,99,104,0.875,0.5000 ,44,92.7733,15.1170 ,103
411.1375,1,103,9,103.5,103.3953 ,99,108,0.425,0.5000 ,43,93.0433,15.0471 ,103
411.425,0,132,15,100.5,100.5000 ,93,108,0.2875,0.5000 ,42,93.0433,15.0230 ,99
412.175,0,119,15,100.5,100.5000 ,93,108,0.75,0.5000 ,42,91.71,15.2171 ,95
414.5125,1,134,13,101.5,101.3333 ,95,108,2.3375,0.5000 ,39,89.1767,15.6237 ,104
414.925,0,150,16,103,102.2000 ,95,111,0.4125,0.5000 ,40,89.8967,15.4726 ,108
417.5,0,144,10,103,102.8837 ,98,108,2.575,0.5000 ,43,92.85,14.9552 ,102
420.1875,1,137,11,105.5,105.6410 ,100,111,2.6875,0.5000 ,39,94.48,14.6724 ,106
421.2625,0,142,13,99.5,99.1750 ,93,106,1.075,0.5000 ,40,95.0933,14.5564 ,100
423.0375,0,150,6,101,100.9268 ,98,104,1.775,0.5000 ,41,92.6733,14.9128 ,103
425.375,0,108,10,106,106.1220 ,101,111,2.3375,0.5000 ,41,92.9533,14.8433 ,102
427.2625,1,124,9,106.5,106.8140 ,102,111,1.8875,0.5000 ,43,91.9,14.9890 ,103
428.1625,1,111,2,103,103.0244 ,102,104,0.9,0.6667 ,41,92.7433,14.8281 ,102
428.4625,0,126,12,108,108.3000 ,102,114,0.3,0.5000 ,40,92.44,14.8540 ,104
429.9375,0,139,9,108.5,108.7143 ,104,113,1.475,0.5000 ,42,93.0767,14.7304 ,111
432.3625,0,111,7,107.5,107.6667 ,104,111,2.425,0.5000 ,42,95.74,14.2983 ,107
433.9125,1,137,7,107.5,107.7333 ,104,111,1.55,0.5000 ,45,97.0467,14.0839 ,107
434.0625,1,147,10,109,109.3488 ,104,114,0.15,0.5000 ,43,97.7367,13.9645 ,111
434.2375,1,114,12,110,110.4390 ,104,116,0.175,0.5000 ,41,97.99,13.9100 ,114
435.1625,0,106,16,108,108.8000 ,100,116,0.925,0.5000 ,40,100.19,13.5847 ,104
439.2375,0,116,7,108.5,108.8182 ,105,112,4.075,0.6667 ,44,98.8367,13.7506 ,105
439.625,0,129,9,107.5,107.9286 ,103,112,0.3875,0.5000 ,42,96.98,13.9926 ,106
440.4875,0,121,4,105,105.0952 ,103,107,0.8625,0.3333 ,42,94.9133,14.2742 ,107
445.8375,1,132,4,105,105.0000 ,103,107,5.35,0.3333 ,46,95.8167,14.1168 ,104
446.3125,0,103,7,103.5,103.5000 ,100,107,0.475,0.3333 ,44,95.3867,14.1577 ,103
448.4875,0,142,7,103.5,103.5778 ,100,107,2.175,0.3333 ,45,94.4233,14.2793 ,103
451.875,0,119,3,103.5,103.4348 ,102,105,3.3875,0.3333 ,46,93.3133,14.4262 ,104
452.5375,0,111,2,104,104.0000 ,103,105,0.6625,0.5000 ,44,93.3767,14.3935 ,104
453.025,1,144,5,102.5,102.6136 ,100,105,0.4875,0.5000 ,44,93.6767,14.3250 ,104
453.4375,0,101,8,101,101.0930 ,97,105,0.4125,0.5000 ,43,93.9467,14.2626 ,100
455.6625,0,137,8,101,101.0930 ,97,105,2.225,0.5000 ,43,92.6133,14.4465 ,103
455.8,1,147,8,101,101.1905 ,97,105,0.1375,0.5000 ,42,92.4133,14.4563 ,104
456,0,98,12,99,99.0000 ,93,105,0.2,0.5000 ,42,92.5667,14.4134 ,97
461.1625,1,126,9,106.5,106.9286 ,102,111,5.1625,0.5000 ,42,91.3433,14.5844 ,104
462.0625,0,134,12,110,110.6977 ,104,116,0.9,0.5000 ,43,91.8467,14.4869 ,111
463.3875,0,124,10,111,111.9524 ,106,116,1.325,0.5000 ,42,94.39,14.0817 ,108
464.7875,0,144,6,113,113.4286 ,110,116,1.4,0.5000 ,42,97.38,13.6379 ,111
465.8125,0,129,7,112.5,112.7692 ,109,116,1.025,0.5000 ,39,99.37,13.3522 ,112
467.6,0,132,16,108,108.6486 ,100,116,1.7875,0.5000 ,37,99.7933,13.2771 ,114
468.975,1,121,16,108,108.6486 ,100,116,1.375,0.5000 ,37,101.57,13.0268 ,108
469.6875,1,101,17,105.5,106.3947 ,97,114,0.7125,0.5000 ,38,100.44,13.1536 ,100
470.3875,0,98,21,103.5,104.0526 ,93,114,0.7,0.5000 ,38,96.5133,13.6679 ,97
473.5875,0,150,4,106,105.8261 ,104,108,3.2,0.5000 ,46,91.4933,14.3961 ,107
474.25,0,116,3,105.5,105.4681 ,104,107,0.6625,0.3333 ,47,91.7667,14.3316 ,106
476.25,0,134,4,106,105.9574 ,104,108,2,0.5000 ,47,93.6233,14.0264 ,105
479.2875,1,139,5,105.5,105.4444 ,103,108,3.0375,0.6667 ,45,95.69,13.7029 ,107
480.7,1,108,10,109,108.8889 ,104,114,1.4125,0.5000 ,45,95.7867,13.6708 ,108
481.1875,0,114,11,110.5,110.5000 ,105,116,0.4875,0.6667 ,44,96.45,13.5606 ,114
482.0625,0,142,11,110.5,110.7619 ,105,116,0.875,0.5000 ,42,99.29,13.1575 ,107
482.9375,1,121,11,110.5,110.7619 ,105,116,0.875,0.5000 ,42,99.0267,13.1772 ,115
483.1,1,106,12,109,109.1463 ,103,115,0.1625,0.5000 ,41,101.2133,12.8757 ,105
490.9875,1,150,5,113.5,113.7660 ,111,116,7.8875,0.5000 ,47,98.39,13.2353 ,115
492.7625,1,124,4,117,117.3636 ,115,119,1.775,0.5000 ,44,100.8833,12.9073 ,116
493.4375,1,129,7,114.5,114.9565 ,111,118,0.675,0.5000 ,46,101.5167,12.8196 ,115
494.25,1,111,4,110,110.1739 ,108,112,0.8125,0.5000 ,46,104.1833,12.4764 ,111
494.875,1,108,7,108.5,108.8889 ,105,112,0.625,0.5000 ,45,102.82,12.6252 ,108
495.2,1,139,9,109.5,109.9286 ,105,114,0.325,0.5000 ,42,100.35,12.9202 ,112
497.2375,0,106,8,107,107.2667 ,103,111,2.0375,0.3333 ,45,99.7033,12.9858 ,105
498.1125,1,134,5,107.5,107.7273 ,105,110,0.875,0.5000 ,44,97.76,13.2257 ,108
498.6625,0,144,7,106.5,106.6591 ,103,110,0.55,0.3333 ,44,97.74,13.2097 ,105
499.725,0,114,5,105.5,105.4419 ,103,108,1.0625,0.3333 ,43,95.75,13.4648 ,108
499.85,0,137,5,105.5,105.5000 ,103,108,0.125,0.5000 ,42,96.66,13.3190 ,107
501.7375,1,132,3,104.5,104.4651 ,103,106,1.8875,0.5000 ,43,96.4167,13.3334 ,104
502.6125,1,103,7,100.5,100.5000 ,97,104,0.875,0.5000 ,42,95.9267,13.3845 ,103
504.0375,0,98,9,97.5,97.3902 ,93,102,1.425,0.3333 ,41,94.4233,13.5846 ,97
504.725,0,101,8,97,96.9024 ,93,101,0.6875,0.5000 ,41,91.3133,14.0347 ,98
507.2,0,119,6,96,95.9268 ,93,99,2.475,0.5000 ,41,89.5767,14.2960 ,96
509.325,1,147,3,94.5,94.3500 ,93,96,2.125,0.5000 ,40,87.59,14.6130 ,94
509.7,0,116,6,96,95.7805 ,93,99,0.375,0.5000 ,41,86.5933,14.7704 ,96
511.525,0,103,9,98.5,98.7250 ,94,103,1.825,0.5000 ,40,86.12,14.8351 ,96
514.55,1,129,3,101.5,101.5349 ,100,103,3.025,0.5000 ,43,86.18,14.8052 ,102
515.475,1,142,3,99.5,99.4000 ,98,101,0.925,0.5000 ,45,88.72,14.3646 ,100
516.0875,0,116,6,96,95.7273 ,93,99,0.6125,0.5000 ,44,89.8533,14.1732 ,98
517.8625,1,126,5,95.5,95.2500 ,93,98,1.775,0.5000 ,40,90.2067,14.1085 ,97
517.9375,1,93,7,94.5,94.0513 ,91,98,0.075,0.5000 ,39,88.7333,14.3364 ,93
518.4,0,150,12,97,96.0526 ,91,103,0.4625,0.5000 ,38,86.56,14.6850 ,98
521.6375,0,132,12,97,96.8537 ,91,103,3.2375,0.5000 ,41,86.7567,14.6388 ,96
523.2625,1,139,8,99,98.9024 ,95,103,1.625,0.5000 ,41,86.51,14.6642 ,98
523.4,1,134,13,101.5,101.3333 ,95,108,0.1375,0.5000 ,39,87.9267,14.4093 ,103
523.6625,1,126,16,103,103.0000 ,95,111,0.2625,0.5000 ,38,89.6533,14.1128 ,108
523.7875,1,114,19,104.5,104.5000 ,95,114,0.125,0.5000 ,36,93.36,13.5340 ,111
524.6,1,106,23,102.5,103.4857 ,91,114,0.8125,0.5000 ,35,97.21,12.9804 ,95
524.9875,0,91,29,99.5,99.9143 ,85,114,0.3875,0.5000 ,35,94.1267,13.3897 ,91
528.9625,0,101,6,102,102.0000 ,99,105,3.975,0.3333 ,42,88.8033,14.1739 ,100
531.0875,0,111,6,102,102.0000 ,99,105,2.125,0.3333 ,40,86.2833,14.5689 ,102
531.6,1,144,6,102,102.0732 ,99,105,0.5125,0.3333 ,41,88.57,14.1744 ,100
532.25,0,121,6,102,102.0000 ,99,105,0.65,0.3333 ,40,90.9333,13.7881 ,105
533.3,0,124,8,101,101.1026 ,97,105,1.05,0.5000 ,39,92.54,13.5319 ,101
537.0375,0,119,8,101,100.8000 ,97,105,3.7375,0.5000 ,40,92.1667,13.5700 ,99
537.7125,0,137,8,101,100.7073 ,97,105,0.675,0.5000 ,41,91.65,13.6300 ,103
541.9375,0,108,2,100,99.9767 ,99,101,4.225,0.3333 ,43,91.3033,13.6658 ,101
542.7375,1,142,5,98.5,98.5000 ,96,101,0.8,0.5000 ,42,91.2967,13.6527 ,100
542.9,1,98,8,97,96.9024 ,93,101,0.1625,0.5000 ,41,91.4433,13.6192 ,96
543.85,0,108,15,100.5,99.9231 ,93,108,0.95,0.5000 ,39,89.27,13.9347 ,101
544.6875,1,119,15,100.5,100.1250 ,93,108,0.8375,0.5000 ,40,89.4667,13.8879 ,94
545.275,1,93,23,96.5,95.9250 ,85,108,0.5875,0.5000 ,40,87.5533,14.1812 ,93
545.4375,0,85,25,95.5,94.8750 ,83,108,0.1625,0.5000 ,40,86.47,14.3508 ,85
547.45,1,114,18,92,90.9024 ,83,101,2.0125,0.5000 ,41,81.6133,15.2079 ,93
548.5875,0,134,8,98,97.8095 ,94,102,1.1375,0.5000 ,42,81.61,15.1940 ,101
552.1625,0,144,8,104,103.8182 ,100,108,3.575,0.6667 ,44,84.5167,14.6525 ,101
553.075,0,111,8,104,103.9024 ,100,108,0.9125,0.7500 ,41,89.0767,13.8844 ,101
554.1,1,142,5,105.5,105.6136 ,103,108,1.025,0.5000 ,44,91.2367,13.5385 ,104
554.1625,0,147,11,108.5,108.7619 ,103,114,0.0625,0.5000 ,42,92.2367,13.3768 ,108
554.95,1,124,9,109.5,109.9737 ,105,114,0.7875,0.5000 ,38,94.47,13.0475 ,106
555.1875,0,150,11,110.5,110.5000 ,105,116,0.2375,0.6667 ,40,95.8133,12.8523 ,114
555.8375,0,116,10,111,111.2500 ,106,116,0.65,0.6667 ,40,98.96,12.4329 ,106
557.8625,0,132,2,110,109.9565 ,109,111,2.025,0.3333 ,46,98.1533,12.5225 ,110
557.975,1,129,7,107.5,107.3409 ,104,111,0.1125,0.5000 ,44,99.2467,12.3698 ,110
559.1875,0,106,9,104.5,104.0909 ,100,109,1.2125,0.5000 ,44,98.2867,12.4748 ,104
563.7125,1,139,5,102.5,102.3333 ,100,105,4.525,0.5000 ,45,97.3667,12.5772 ,103
564.6625,1,101,7,100.5,100.3409 ,97,104,0.95,0.3333 ,44,95.2333,12.8444 ,100
565.55,1,121,7,100.5,100.2558 ,97,104,0.8875,0.3333 ,43,92.3133,13.2358 ,104
567.425,1,137,14,104,103.8372 ,97,111,1.875,0.5000 ,43,92.4767,13.1959 ,104
571.7,1,147,11,108.5,108.2500 ,103,114,4.275,0.5000 ,44,92.8667,13.1258 ,111
574.775,1,103,3,104.5,104.4000 ,103,106,3.075,0.5000 ,45,96.28,12.6446 ,103
577.025,1,108,9,101.5,101.2857 ,97,106,2.25,0.3333 ,42,95.7133,12.7046 ,106
579.6375,1,114,16,106,106.0000 ,98,114,2.6125,0.5000 ,46,96.2033,12.6246 ,106
580.6,1,137,15,108.5,108.6667 ,101,116,0.9625,0.5000 ,45,94.9433,12.7783 ,114
580.925,0,126,18,110,110.2093 ,101,119,0.325,0.5000 ,43,98.42,12.3153 ,116
581.3375,0,119,22,108,108.0000 ,97,119,0.4125,0.5000 ,40,101.4867,11.9298 ,102
585.2125,0,134,7,106.5,106.2558 ,103,110,3.875,0.5000 ,43,99.58,12.1437 ,109
586.1875,1,111,3,104.5,104.5000 ,103,106,0.975,0.5000 ,44,98.2533,12.2926 ,105
587.65,1,103,8,101,100.8261 ,97,105,1.4625,0.5000 ,46,95.24,12.6673 ,103
587.8875,1,147,9,101.5,101.2955 ,97,106,0.2375,0.5000 ,44,95.2633,12.6497 ,105
588.2625,0,98,12,99,98.8537 ,93,105,0.375,0.5000 ,41,94.25,12.7733 ,97
588.725,0,150,13,100.5,100.3415 ,94,107,0.4625,0.5000 ,41,91.6433,13.1224 ,104
594.4625,1,144,2,103,102.9778 ,102,104,5.7375,0.3333 ,45,92.1167,13.0393 ,104
594.725,0,142,13,109.5,109.3488 ,103,116,0.2625,0.5000 ,43,92.0567,13.0349 ,104
595.8875,1,124,19,106.5,106.5000 ,97,116,1.1625,0.5000 ,42,93.9467,12.7578 ,109
595.975,0,98,23,104.5,104.5000 ,93,116,0.0875,0.5000 ,40,95.6133,12.5203 ,97
597.3875,0,121,10,111,111.1220 ,106,116,1.4125,0.5000 ,41,93.1133,12.8461 ,113
599.1125,1,129,3,107.5,107.5319 ,106,109,1.725,0.5000 ,47,96.1967,12.4205 ,108
599.7375,0,116,6,108,108.0000 ,105,111,0.625,0.5000 ,44,96.09,12.4209 ,106
